{"stats":{"minecraft:custom":{"minecraft:interact_with_furnace":20,"minecraft:mob_kills":16,"minecraft:interact_with_crafting_table":12,"minecraft:interact_with_campfire":4,"minecraft:leave_game":8,"minecraft:time_since_death":651,"minecraft:sleep_in_bed":2,"minecraft:climb_one_cm":461,"minecraft:time_since_rest":489,"minecraft:sprint_one_cm":388972,"minecraft:damage_taken":8318,"minecraft:walk_one_cm":297730,"minecraft:drop":15,"minecraft:damage_dealt":5173,"minecraft:swim_one_cm":45703,"minecraft:fly_one_cm":546334,"minecraft:open_chest":6,"minecraft:crouch_one_cm":1610,"minecraft:play_time":59076,"tombstone:undead_killed":1,"minecraft:deaths":29,"minecraft:sneak_time":564,"minecraft:walk_under_water_one_cm":17839,"minecraft:interact_with_lectern":2,"minecraft:jump":1805,"minecraft:walk_on_water_one_cm":38468,"minecraft:total_world_time":59076,"minecraft:fall_one_cm":33829},"minecraft:dropped":{"minecraft:kelp":6,"minecraft:wheat_seeds":13,"minecraft:rotten_flesh":6,"luminousworld:yellow_grassflowers":1,"luminousworld:grassflowers":4,"luminousworld:groundpebbles_1":1,"iceandfire:bestiary":1,"minecraft:chain":1},"minecraft:killed_by":{"cataclysm:deepling":1,"iceandfire:fire_dragon":28},"minecraft:mined":{"luminousworld:groundpebbles_1":1,"minecraft:white_bed":2,"iceandfire:silver_ore":4,"minecraft:kelp_plant":2,"minecraft:crafting_table":3,"minecraft:grass_block":1,"minecraft:stone_brick_wall":1,"iceandfire:lectern":1,"minecraft:campfire":2,"luminousworld:grassvariant_2":2,"minecraft:tall_grass":6,"minecraft:tall_seagrass":1,"minecraft:furnace":2,"minecraft:birch_log":6,"minecraft:fire":30,"minecraft:andesite":1,"minecraft:birch_leaves":1,"minecraft:grass":7,"minecraft:oak_log":14,"minecraft:coal_ore":21,"minecraft:sand":3,"minecraft:dirt":2,"luminousworld:grassvariant_3":2,"minecraft:cobweb":2,"minecraft:stone":54},"minecraft:crafted":{"minecraft:cooked_beef":3,"minecraft:oak_planks":44,"minecraft:crafting_table":2,"minecraft:wooden_pickaxe":1,"minecraft:cooked_chicken":2,"minecraft:furnace":2,"iceandfire:lectern":1,"minecraft:birch_planks":24,"minecraft:cooked_mutton":12,"minecraft:air":0,"minecraft:stick":8,"minecraft:stone_pickaxe":1,"minecraft:stone_sword":3,"minecraft:white_bed":1},"minecraft:used":{"minecraft:stone_sword":315,"minecraft:stone_pickaxe":37,"minecraft:wooden_pickaxe":46,"luminousworld:yellow_grassflowers":1,"luminousworld:groundpebbles_1":1,"minecraft:cooked_chicken":3,"minecraft:dirt":3,"minecraft:sand":1,"minecraft:crafting_table":4,"minecraft:white_bed":3,"minecraft:oak_log":3,"minecraft:bread":8,"minecraft:birch_sapling":1,"minecraft:cobblestone":26,"supplementaries:ash":1,"minecraft:furnace":4,"minecraft:andesite":1,"tombstone:gift":4,"alexsmobs:animal_dictionary":1,"undead_revamp2:arapholia":1,"minecraft:egg":1,"minecraft:cooked_beef":2,"iceandfire:lectern":1,"minecraft:cooked_mutton":5},"minecraft:broken":{"minecraft:stone_sword":2,"aether:iron_gloves":1},"minecraft:killed":{"enemyexpansion:sprinter":1,"born_in_chaos_v1:maggot":3,"minecraft:sheep":4,"iceandfire:fire_dragon":1,"minecraft:chicken":3,"minecraft:cow":4},"minecraft:picked_up":{"minecraft:birch_log":9,"luminousworld:groundpebbles_1":4,"born_in_chaos_v1:corpse_maggot":3,"minecraft:charcoal":8,"ecologics:walnut":1,"minecraft:crafting_table":3,"minecraft:feather":4,"minecraft:cooked_beef":4,"minecraft:chicken":3,"minecraft:andesite":1,"minecraft:leather":2,"minecraft:oak_log":14,"iceandfire:ectoplasm":1,"minecraft:dirt":3,"iceandfire:manuscript":1,"minecraft:string":1,"minecraft:experience_bottle":1,"iceandfire:ghost_ingot":1,"minecraft:gold_nugget":176,"minecraft:kelp":1,"iceandfire:bestiary":2,"minecraft:wheat_seeds":9,"minecraft:beef":7,"minecraft:cooked_chicken":1,"luminousworld:white_petunias":1,"iceandfire:dragonscales_red":21,"minecraft:birch_sapling":1,"iceandfire:fire_dragon_flesh":5,"minecraft:egg":1,"minecraft:furnace":2,"iceandfire:dragonbone":11,"minecraft:copper_ingot":2,"iceandfire:ash":2,"iceandfire:dragon_skull_fire":1,"minecraft:sand":1,"minecraft:white_bed":2,"undead_revamp2:heavytooth":1,"undead_revamp2:rawbostrox":1,"luminousworld:grassflowers":4,"minecraft:arrow":1,"minecraft:rotten_flesh":9,"luminousworld:yellow_grassflowers":1,"iceandfire:lectern":1,"iceandfire:fire_dragon_heart":1,"minecraft:gray_wool":1,"undead_revamp2:arapholia":1,"minecraft:mutton":13,"minecraft:coal":21,"iceandfire:chared_gravel":16,"minecraft:white_wool":3,"iceandfire:raw_silver":4,"minecraft:cobblestone":64}},"DataVersion":3465}