{"stats":{"minecraft:custom":{"minecraft:mob_kills":40,"minecraft:interact_with_crafting_table":12,"minecraft:leave_game":1,"minecraft:time_since_death":41872,"minecraft:climb_one_cm":13781,"minecraft:sprint_one_cm":343077,"minecraft:walk_one_cm":277533,"minecraft:drop":31,"minecraft:talked_to_villager":2,"minecraft:play_time":72457,"minecraft:deaths":1,"minecraft:sneak_time":1481,"minecraft:walk_under_water_one_cm":21719,"minecraft:jump":1756,"minecraft:interact_with_blast_furnace":13,"minecraft:walk_on_water_one_cm":22378,"minecraft:total_world_time":72457,"tombstone:raider_killed":7,"minecraft:sleep_in_bed":5,"minecraft:time_since_rest":0,"minecraft:damage_taken":1881,"minecraft:damage_absorbed":40,"minecraft:damage_dealt":8579,"minecraft:swim_one_cm":36434,"minecraft:fly_one_cm":311632,"minecraft:open_chest":28,"minecraft:crouch_one_cm":5440,"tombstone:undead_killed":15,"minecraft:interact_with_smoker":8,"minecraft:fall_one_cm":52512},"minecraft:dropped":{"iceandfire:raw_silver":5,"minecraft:wheat_seeds":1,"minecraft:granite":2,"minecraft:cracked_stone_bricks":3,"minecraft:leather_helmet":4,"minecraft:item_frame":1,"iceandfire:podium_spruce":1,"minecraft:melon_slice":2,"tombstone:grave_dust":1,"minecraft:polished_andesite_stairs":2,"minecraft:paper":9,"alexsmobs:animal_dictionary":2,"minecraft:rotten_flesh":1,"minecraft:iron_boots":1,"minecraft:stone_stairs":1,"supplementaries:ash":5,"artifacts:umbrella":1,"minecraft:spruce_planks":1,"minecraft:acacia_sapling":2,"minecraft:stone_bricks":1,"minecraft:arrow":1,"iceandfire:manuscript":4},"minecraft:mined":{"minecraft:dark_oak_planks":1,"minecraft:tuff":20,"minecraft:spruce_planks":5,"iceandfire:silver_ore":6,"minecraft:mossy_cobblestone":4,"luminousworld:grassvariant_4":1,"minecraft:cobblestone_stairs":1,"placeablesmod:melon_block_1":1,"minecraft:potted_dead_bush":1,"minecraft:granite":2,"minecraft:grass_block":9,"minecraft:coal_block":3,"minecraft:polished_andesite_slab":1,"minecraft:chiseled_stone_bricks":1,"minecraft:iron_ore":31,"minecraft:cobbled_deepslate":4,"minecraft:andesite":2,"minecraft:bookshelf":1,"minecraft:deepslate_iron_ore":14,"minecraft:stripped_mangrove_wood":4,"minecraft:stone":28,"iceandfire:podium_spruce":1,"minecraft:cake":1,"minecraft:oak_slab":2,"minecraft:glass_pane":3,"minecraft:smoker":4,"minecraft:crafting_table":5,"minecraft:torch":2,"minecraft:blast_furnace":3,"minecraft:polished_andesite_stairs":3,"minecraft:calcite":3,"minecraft:melon":15,"quark:blossom_log":5,"minecraft:tall_grass":6,"minecraft:cobblestone":9,"minecraft:cyan_bed":4,"minecraft:oak_planks":12,"minecraft:diorite":3,"minecraft:wall_torch":2,"minecraft:spruce_stairs":1,"minecraft:stone_stairs":1,"minecraft:dark_oak_slab":1,"minecraft:grass":33,"minecraft:oak_log":21,"minecraft:coal_ore":27,"minecraft:dirt":6,"minecraft:cracked_stone_bricks":1,"minecraft:polished_andesite":16,"minecraft:tripwire_hook":1,"minecraft:stone_bricks":25,"minecraft:oak_leaves":3,"minecraft:deepslate":153},"minecraft:crafted":{"minecraft:oak_planks":16,"minecraft:iron_boots":1,"minecraft:stone_pickaxe":1,"minecraft:diamond_sword":1,"quark:blossom_planks":20,"born_in_chaos_v1:smoked_fish":1,"minecraft:crafting_table":1,"minecraft:wooden_pickaxe":1,"minecraft:baked_potato":6,"minecraft:iron_helmet":1,"minecraft:stone_axe":1,"minecraft:air":0,"minecraft:iron_chestplate":1,"minecraft:stick":24,"minecraft:iron_pickaxe":2,"minecraft:iron_ingot":24,"minecraft:stone_sword":1,"minecraft:torch":28},"minecraft:used":{"minecraft:stone_sword":132,"born_in_chaos_v1:smoked_fish":1,"minecraft:stick":2,"minecraft:torch":50,"minecraft:dirt":11,"minecraft:tuff":22,"minecraft:polished_andesite_stairs":1,"quark:blossom_planks":7,"tombstone:gift":1,"minecraft:egg":1,"minecraft:cobbled_deepslate":74,"minecraft:mossy_stone_bricks":1,"minecraft:diorite":2,"minecraft:polished_andesite":12,"minecraft:stone_pickaxe":77,"minecraft:baked_potato":6,"minecraft:wooden_pickaxe":5,"minecraft:golden_apple":2,"minecraft:mossy_cobblestone":3,"minecraft:crafting_table":6,"minecraft:blast_furnace":2,"minecraft:smoker":3,"minecraft:apple":9,"minecraft:melon_slice":14,"minecraft:bread":16,"minecraft:cyan_bed":4,"minecraft:iron_pickaxe":286,"minecraft:chiseled_stone_bricks":1,"minecraft:stone_axe":101,"minecraft:diamond_sword":110,"minecraft:cobblestone":30,"alexsmobs:animal_dictionary":1,"minecraft:experience_bottle":1},"minecraft:broken":{"minecraft:stone_sword":1},"minecraft:killed":{"illagerinvasion:archivist":1,"minecraft:vex":3,"born_in_chaos_v1:zombie_lumberjack":1,"enemyexpansion:intruder":2,"minecraft:vindicator":2,"enemyexpansion:direwolf":3,"minecraft:skeleton":5,"minecraft:fox":1,"illagerinvasion:provoker":4,"luminousworld:monarch":1,"born_in_chaos_v1:corpse_fish":1,"enemyexpansion:vampflyer":1,"minecraft:husk":1,"minecraft:zombie_villager":3,"minecraft:frog":1,"minecraft:creeper":1,"minecraft:zombie":4,"born_in_chaos_v1:dread_hound":1,"alexsmobs:crow":1},"minecraft:picked_up":{"minecraft:crafting_table":5,"iceandfire:manuscript":2,"minecraft:stone_stairs":2,"minecraft:item_frame":1,"minecraft:experience_bottle":1,"iceandfire:bestiary":1,"minecraft:cracked_stone_bricks":3,"minecraft:tnt_minecart":1,"minecraft:cobbled_deepslate":74,"minecraft:spruce_planks":1,"minecraft:enchanted_golden_apple":1,"minecraft:melon_slice":70,"minecraft:coal_block":3,"minecraft:iron_boots":1,"minecraft:egg":1,"minecraft:raw_iron":44,"minecraft:torch":6,"quark:blossom_log":5,"tombstone:grave_dust":1,"minecraft:diorite":2,"minecraft:rotten_flesh":7,"minecraft:arrow":5,"sophisticatedbackpacks:copper_backpack":1,"supplementaries:ash":5,"minecraft:cobblestone":33,"born_in_chaos_v1:monster_flesh":1,"minecraft:andesite":2,"minecraft:smoker":4,"minecraft:tuff":22,"minecraft:oak_log":21,"minecraft:gunpowder":2,"minecraft:cobblestone_stairs":1,"minecraft:paper":4,"minecraft:dirt":13,"minecraft:bone":4,"minecraft:stone_bricks":21,"minecraft:wheat_seeds":1,"minecraft:mossy_stone_bricks":1,"minecraft:oak_planks":16,"minecraft:book":4,"minecraft:polished_andesite_stairs":3,"minecraft:oak_slab":1,"iceandfire:podium_spruce":1,"minecraft:chiseled_stone_bricks":1,"minecraft:blast_furnace":3,"minecraft:cyan_bed":4,"minecraft:mossy_cobblestone":3,"alexsmobs:animal_dictionary":2,"minecraft:leather_helmet":3,"minecraft:polished_andesite":12,"minecraft:chainmail_leggings":1,"minecraft:granite":2,"minecraft:chainmail_helmet":1,"minecraft:emerald":3,"minecraft:oak_sapling":1,"born_in_chaos_v1:rotten_fish":1,"minecraft:coal":26,"iceandfire:raw_silver":5}},"DataVersion":3465}