{"stats":{"minecraft:killed":{"illagerinvasion:archivist":1,"luminousworld:deer":1,"minecraft:vex":3,"minecraft:cave_spider":11,"undead_revamp2:thehunter":3,"born_in_chaos_v1:zombie_lumberjack":1,"enemyexpansion:intruder":2,"minecraft:vindicator":2,"enemyexpansion:direwolf":6,"born_in_chaos_v1:zombie_bruiser":1,"enemyexpansion:goblin_fear":1,"minecraft:skeleton":5,"minecraft:fox":1,"minecraft:chicken":3,"naturalist:bass":1,"illagerinvasion:provoker":4,"luminousworld:monarch":1,"alexsmobs:bison":1,"born_in_chaos_v1:corpse_fish":1,"undead_revamp2:sucker":1,"enemyexpansion:goblin":1,"enemyexpansion:vampflyer":3,"artifacts:mimic":2,"minecraft:husk":1,"born_in_chaos_v1:diamond_termite":2,"minecraft:zombie_villager":3,"minecraft:salmon":7,"undead_revamp2:the_moonflower":2,"minecraft:frog":1,"minecraft:creeper":1,"minecraft:sheep":4,"alexsmobs:catfish":1,"undead_revamp2:thesomnolence":12,"minecraft:zombie":12,"born_in_chaos_v1:dread_hound":1,"enemyexpansion:vampire":1,"born_in_chaos_v1:corpse_fly":12,"undead_revamp2:theskeeper":1,"alexsmobs:crow":1,"minecraft:enderman":1},"minecraft:custom":{"minecraft:interact_with_smithing_table":3,"minecraft:mob_kills":126,"minecraft:interact_with_crafting_table":17,"minecraft:open_barrel":18,"minecraft:interact_with_campfire":1,"minecraft:damage_dealt_resisted":417,"minecraft:leave_game":3,"minecraft:time_since_death":9530,"minecraft:damage_resisted":100,"minecraft:climb_one_cm":19309,"minecraft:sprint_one_cm":587642,"minecraft:walk_one_cm":533469,"minecraft:damage_blocked_by_shield":1430,"minecraft:drop":63,"minecraft:talked_to_villager":2,"minecraft:play_time":153771,"minecraft:sneak_time":1919,"minecraft:deaths":5,"minecraft:walk_under_water_one_cm":29995,"minecraft:jump":3040,"minecraft:interact_with_blast_furnace":19,"minecraft:walk_on_water_one_cm":35872,"minecraft:total_world_time":153771,"tombstone:raider_killed":7,"minecraft:sleep_in_bed":10,"minecraft:time_since_rest":8925,"minecraft:damage_taken":5684,"minecraft:damage_absorbed":278,"minecraft:trigger_trapped_chest":1,"minecraft:damage_dealt":23392,"minecraft:swim_one_cm":81931,"minecraft:fly_one_cm":522176,"minecraft:open_chest":36,"minecraft:crouch_one_cm":6534,"tombstone:undead_killed":34,"minecraft:interact_with_smoker":26,"minecraft:fall_one_cm":99118},"minecraft:mined":{"minecraft:dark_oak_planks":1,"minecraft:tuff":43,"minecraft:spruce_planks":6,"iceandfire:silver_ore":7,"minecraft:mossy_cobblestone":4,"minecraft:deepslate_diamond_ore":3,"luminousworld:grassvariant_4":1,"minecraft:cobblestone_stairs":1,"quark:glow_shroom_stem":5,"born_in_chaos_v1:infected_diamond_ore":1,"placeablesmod:melon_block_1":1,"minecraft:potted_dead_bush":1,"minecraft:granite":2,"minecraft:grass_block":10,"minecraft:white_stained_glass":1,"minecraft:white_concrete":1,"minecraft:coal_block":3,"minecraft:polished_andesite_slab":1,"minecraft:spruce_leaves":11,"minecraft:chiseled_stone_bricks":1,"minecraft:spawner":1,"minecraft:fire":5,"minecraft:iron_ore":41,"minecraft:cobbled_deepslate":4,"minecraft:andesite":27,"minecraft:peony":2,"quark:black_corundum_cluster":2,"minecraft:bookshelf":1,"minecraft:vine":2,"minecraft:deepslate_iron_ore":14,"minecraft:stripped_mangrove_wood":4,"minecraft:stone":56,"iceandfire:podium_spruce":1,"minecraft:white_wool":5,"minecraft:cake":1,"minecraft:green_bed":1,"minecraft:smithing_table":1,"minecraft:oak_slab":2,"minecraft:glass_pane":3,"minecraft:smoker":9,"born_in_chaos_v1:infected_deepslate_diamond_ore":1,"minecraft:crafting_table":6,"minecraft:torch":3,"minecraft:blast_furnace":6,"minecraft:calcite":3,"minecraft:polished_andesite_stairs":3,"minecraft:melon":15,"quark:blossom_log":5,"quark:glow_shroom_block":2,"minecraft:tall_grass":7,"minecraft:cobblestone":15,"minecraft:cyan_bed":7,"minecraft:oak_planks":13,"quark:black_corundum":1,"minecraft:diorite":44,"minecraft:wall_torch":6,"minecraft:spruce_stairs":1,"minecraft:stone_stairs":1,"minecraft:black_stained_glass":3,"minecraft:dark_oak_slab":1,"minecraft:grass":33,"minecraft:oak_log":23,"minecraft:coal_ore":27,"luminousworld:ishstone":1,"quark:monster_box":1,"minecraft:dirt":8,"minecraft:cobweb":8,"quark:glow_shroom_ring":2,"minecraft:cracked_stone_bricks":1,"minecraft:tripwire_hook":1,"minecraft:polished_andesite":16,"minecraft:stone_bricks":33,"minecraft:oak_leaves":5,"minecraft:deepslate":241},"minecraft:broken":{"minecraft:stone_sword":1,"minecraft:shield":1,"minecraft:iron_helmet":1,"minecraft:iron_pickaxe":1},"minecraft:killed_by":{"born_in_chaos_v1:corpse_fly":1,"undead_revamp2:thehunter":2,"enemyexpansion:invisicreeper":1},"minecraft:dropped":{"iceandfire:raw_silver":5,"minecraft:wheat_seeds":8,"mowziesmobs:foliaath_seed":4,"minecraft:feather":2,"minecraft:granite":2,"minecraft:cracked_stone_bricks":3,"minecraft:rail":5,"minecraft:leather_helmet":4,"minecraft:item_frame":1,"minecraft:dirt":4,"iceandfire:podium_spruce":1,"minecraft:melon_slice":2,"tombstone:grave_dust":1,"minecraft:polished_andesite_stairs":2,"minecraft:string":8,"minecraft:paper":9,"quark:black_corundum_cluster":2,"quark:black_shard":12,"alexsmobs:animal_dictionary":2,"minecraft:rotten_flesh":16,"minecraft:iron_boots":1,"minecraft:stone_stairs":1,"quark:black_corundum":1,"quark:glow_shroom_ring":12,"supplementaries:ash":5,"minecraft:gunpowder":9,"artifacts:umbrella":1,"minecraft:peony":13,"minecraft:spruce_planks":1,"minecraft:oak_sapling":3,"minecraft:acacia_sapling":2,"minecraft:stone_bricks":1,"minecraft:arrow":1,"iceandfire:manuscript":4},"minecraft:picked_up":{"born_in_chaos_v1:diamond_termite_shard":2,"minecraft:crafting_table":7,"minecraft:chicken":3,"born_in_chaos_v1:smoked_monster_flesh":1,"minecraft:smithing_table":1,"minecraft:diamond_sword":2,"iceandfire:manuscript":2,"minecraft:string":40,"minecraft:stone_stairs":2,"minecraft:iron_axe":1,"minecraft:item_frame":1,"minecraft:experience_bottle":1,"minecraft:cracked_stone_bricks":3,"iceandfire:bestiary":1,"minecraft:candle":1,"minecraft:tnt_minecart":1,"minecraft:cobbled_deepslate":160,"minecraft:spruce_planks":3,"minecraft:beef":8,"quark:black_shard":16,"minecraft:iron_pickaxe":1,"minecraft:enchanted_golden_apple":1,"minecraft:melon_slice":70,"minecraft:coal_block":3,"minecraft:iron_boots":1,"minecraft:egg":2,"minecraft:stick":8,"minecraft:raw_iron":53,"quark:glow_shroom_ring":12,"minecraft:torch":14,"minecraft:green_bed":2,"quark:blossom_log":5,"minecraft:cookie":5,"tombstone:grave_dust":8,"minecraft:diorite":45,"minecraft:arrow":5,"minecraft:rotten_flesh":21,"minecraft:peony":13,"tombstone:essence_of_undeath":1,"sophisticatedbackpacks:copper_backpack":1,"minecraft:mutton":6,"supplementaries:ash":5,"minecraft:rail":5,"minecraft:white_wool":8,"minecraft:cobblestone":90,"born_in_chaos_v1:corpse_maggot":10,"minecraft:feather":3,"born_in_chaos_v1:monster_flesh":1,"minecraft:andesite":34,"minecraft:salmon":7,"luminousworld:ishstone":1,"alexsmobs:bison_fur":2,"minecraft:smoker":9,"quark:black_corundum_cluster":2,"minecraft:flint":6,"minecraft:tuff":46,"minecraft:oak_log":23,"undead_revamp2:huntereye":2,"minecraft:gunpowder":11,"minecraft:cobblestone_stairs":1,"minecraft:dirt":17,"minecraft:paper":4,"minecraft:bone":6,"minecraft:stone_bricks":27,"minecraft:wheat_seeds":5,"tombstone:bag_of_seeds":1,"minecraft:mossy_stone_bricks":1,"artifacts:antidote_vessel":2,"minecraft:glass_bottle":8,"minecraft:oak_planks":17,"quark:black_corundum":1,"minecraft:book":4,"minecraft:polished_andesite_stairs":3,"minecraft:oak_slab":1,"iceandfire:podium_spruce":1,"minecraft:chiseled_stone_bricks":1,"earthmobsmod:harder_flesh":4,"minecraft:spruce_sapling":2,"minecraft:blast_furnace":6,"minecraft:cyan_bed":7,"minecraft:mossy_cobblestone":3,"minecraft:trapped_chest":1,"minecraft:spider_eye":8,"alexsmobs:animal_dictionary":2,"minecraft:leather_helmet":3,"alexsmobs:raw_catfish":3,"minecraft:polished_andesite":12,"minecraft:diamond":3,"minecraft:chainmail_leggings":1,"minecraft:granite":2,"minecraft:emerald":6,"minecraft:chainmail_helmet":1,"minecraft:oak_sapling":4,"born_in_chaos_v1:rotten_fish":1,"minecraft:coal":60,"iceandfire:raw_silver":7},"minecraft:crafted":{"minecraft:oak_planks":22,"minecraft:cooked_chicken":3,"minecraft:cooked_mutton":6,"minecraft:iron_boots":1,"tombstone:grave_key":3,"minecraft:stone_pickaxe":1,"alexsmobs:cooked_catfish":3,"minecraft:diamond_sword":1,"quark:blossom_planks":20,"born_in_chaos_v1:smoked_fish":1,"minecraft:crafting_table":1,"minecraft:iron_helmet":1,"minecraft:baked_potato":6,"minecraft:wooden_pickaxe":1,"minecraft:cooked_salmon":7,"minecraft:stone_axe":1,"minecraft:air":0,"minecraft:iron_chestplate":1,"minecraft:shield":1,"minecraft:stick":32,"minecraft:iron_ingot":53,"minecraft:iron_pickaxe":3,"minecraft:stone_sword":1,"minecraft:iron_leggings":1,"minecraft:torch":88},"minecraft:used":{"minecraft:stone_sword":132,"born_in_chaos_v1:smoked_fish":1,"minecraft:shield":83,"minecraft:rotten_flesh":6,"minecraft:cooked_chicken":1,"minecraft:cooked_salmon":7,"minecraft:stick":2,"minecraft:torch":116,"minecraft:dirt":11,"minecraft:tuff":40,"born_in_chaos_v1:corpse_maggot":10,"minecraft:iron_axe":31,"minecraft:polished_andesite_stairs":1,"undead_revamp2:huntereye":2,"minecraft:stone_bricks":21,"tombstone:gift":3,"quark:blossom_planks":7,"minecraft:egg":1,"minecraft:cobbled_deepslate":101,"minecraft:enchanted_golden_apple":1,"minecraft:cooked_mutton":6,"alexsmobs:cooked_catfish":3,"minecraft:mossy_stone_bricks":1,"minecraft:diorite":2,"minecraft:baked_potato":6,"minecraft:stone_pickaxe":77,"minecraft:polished_andesite":12,"minecraft:ender_pearl":1,"minecraft:wooden_pickaxe":5,"minecraft:green_bed":1,"minecraft:cookie":5,"minecraft:golden_apple":4,"minecraft:mossy_cobblestone":3,"minecraft:rail":1,"minecraft:crafting_table":7,"minecraft:blast_furnace":4,"minecraft:smoker":7,"tombstone:bag_of_seeds":1,"minecraft:apple":9,"minecraft:bread":19,"minecraft:cyan_bed":7,"minecraft:melon_slice":67,"minecraft:iron_pickaxe":549,"born_in_chaos_v1:smoked_monster_flesh":1,"minecraft:chiseled_stone_bricks":1,"minecraft:stone_axe":101,"minecraft:diamond_sword":434,"minecraft:cobblestone":49,"minecraft:andesite":23,"minecraft:chest_minecart":1,"alexsmobs:animal_dictionary":1,"minecraft:experience_bottle":1}},"DataVersion":3465}