{"stats":{"minecraft:killed":{"illagerinvasion:archivist":1,"luminousworld:deer":1,"minecraft:vex":3,"minecraft:cave_spider":11,"undead_revamp2:thehunter":3,"born_in_chaos_v1:zombie_lumberjack":1,"enemyexpansion:intruder":2,"minecraft:vindicator":2,"enemyexpansion:direwolf":6,"born_in_chaos_v1:zombie_bruiser":1,"enemyexpansion:goblin_fear":1,"minecraft:skeleton":5,"minecraft:fox":1,"minecraft:chicken":1,"naturalist:bass":1,"illagerinvasion:provoker":4,"luminousworld:monarch":1,"born_in_chaos_v1:corpse_fish":1,"undead_revamp2:sucker":1,"enemyexpansion:goblin":1,"enemyexpansion:vampflyer":3,"artifacts:mimic":2,"minecraft:husk":1,"minecraft:zombie_villager":3,"minecraft:salmon":7,"undead_revamp2:the_moonflower":2,"minecraft:frog":1,"minecraft:creeper":1,"alexsmobs:catfish":1,"undead_revamp2:thesomnolence":10,"minecraft:zombie":12,"born_in_chaos_v1:dread_hound":1,"enemyexpansion:vampire":1,"born_in_chaos_v1:corpse_fly":7,"undead_revamp2:theskeeper":1,"alexsmobs:crow":1,"minecraft:enderman":1},"minecraft:custom":{"minecraft:interact_with_smithing_table":3,"minecraft:mob_kills":109,"minecraft:interact_with_crafting_table":16,"minecraft:open_barrel":10,"minecraft:interact_with_campfire":1,"minecraft:damage_dealt_resisted":417,"minecraft:leave_game":2,"minecraft:time_since_death":10049,"minecraft:damage_resisted":100,"minecraft:climb_one_cm":18037,"minecraft:sprint_one_cm":538536,"minecraft:walk_one_cm":503126,"minecraft:damage_blocked_by_shield":1430,"minecraft:drop":42,"minecraft:talked_to_villager":2,"minecraft:play_time":140117,"minecraft:sneak_time":1891,"minecraft:deaths":4,"minecraft:walk_under_water_one_cm":29950,"minecraft:jump":2773,"minecraft:interact_with_blast_furnace":19,"minecraft:walk_on_water_one_cm":33454,"minecraft:total_world_time":140117,"tombstone:raider_killed":7,"minecraft:sleep_in_bed":10,"minecraft:time_since_rest":4510,"minecraft:damage_taken":4843,"minecraft:damage_absorbed":278,"minecraft:trigger_trapped_chest":1,"minecraft:damage_dealt":21452,"minecraft:swim_one_cm":81572,"minecraft:fly_one_cm":458798,"minecraft:open_chest":34,"minecraft:crouch_one_cm":6490,"tombstone:undead_killed":34,"minecraft:interact_with_smoker":16,"minecraft:fall_one_cm":91854},"minecraft:mined":{"minecraft:dark_oak_planks":1,"minecraft:tuff":42,"minecraft:spruce_planks":6,"iceandfire:silver_ore":7,"minecraft:mossy_cobblestone":4,"minecraft:deepslate_diamond_ore":2,"luminousworld:grassvariant_4":1,"minecraft:cobblestone_stairs":1,"quark:glow_shroom_stem":5,"born_in_chaos_v1:infected_diamond_ore":1,"placeablesmod:melon_block_1":1,"minecraft:potted_dead_bush":1,"minecraft:granite":2,"minecraft:grass_block":9,"minecraft:coal_block":3,"minecraft:polished_andesite_slab":1,"minecraft:spruce_leaves":11,"minecraft:chiseled_stone_bricks":1,"minecraft:spawner":1,"minecraft:iron_ore":41,"minecraft:cobbled_deepslate":4,"minecraft:andesite":27,"quark:black_corundum_cluster":2,"minecraft:bookshelf":1,"minecraft:vine":2,"minecraft:deepslate_iron_ore":14,"minecraft:stripped_mangrove_wood":4,"minecraft:stone":56,"iceandfire:podium_spruce":1,"minecraft:white_wool":5,"minecraft:cake":1,"minecraft:green_bed":1,"minecraft:smithing_table":1,"minecraft:oak_slab":2,"minecraft:glass_pane":3,"minecraft:smoker":7,"minecraft:crafting_table":6,"minecraft:torch":3,"minecraft:blast_furnace":6,"minecraft:calcite":3,"minecraft:polished_andesite_stairs":3,"minecraft:melon":15,"quark:blossom_log":5,"quark:glow_shroom_block":2,"minecraft:tall_grass":6,"minecraft:cobblestone":15,"minecraft:cyan_bed":7,"minecraft:oak_planks":12,"quark:black_corundum":1,"minecraft:diorite":44,"minecraft:wall_torch":6,"minecraft:spruce_stairs":1,"minecraft:stone_stairs":1,"minecraft:dark_oak_slab":1,"minecraft:grass":33,"minecraft:oak_log":23,"minecraft:coal_ore":27,"luminousworld:ishstone":1,"quark:monster_box":1,"minecraft:dirt":6,"minecraft:cobweb":7,"quark:glow_shroom_ring":2,"minecraft:cracked_stone_bricks":1,"minecraft:tripwire_hook":1,"minecraft:polished_andesite":16,"minecraft:stone_bricks":29,"minecraft:oak_leaves":5,"minecraft:deepslate":233},"minecraft:broken":{"minecraft:stone_sword":1,"minecraft:shield":1,"minecraft:iron_pickaxe":1},"minecraft:killed_by":{"undead_revamp2:thehunter":2,"enemyexpansion:invisicreeper":1},"minecraft:dropped":{"iceandfire:raw_silver":5,"minecraft:wheat_seeds":4,"mowziesmobs:foliaath_seed":4,"minecraft:granite":2,"minecraft:cracked_stone_bricks":3,"minecraft:rail":5,"minecraft:leather_helmet":4,"minecraft:item_frame":1,"minecraft:dirt":4,"iceandfire:podium_spruce":1,"minecraft:melon_slice":2,"tombstone:grave_dust":1,"minecraft:polished_andesite_stairs":2,"minecraft:paper":9,"quark:black_corundum_cluster":2,"alexsmobs:animal_dictionary":2,"minecraft:rotten_flesh":6,"minecraft:iron_boots":1,"minecraft:stone_stairs":1,"quark:black_corundum":1,"supplementaries:ash":5,"artifacts:umbrella":1,"minecraft:spruce_planks":1,"minecraft:oak_sapling":2,"minecraft:acacia_sapling":2,"minecraft:stone_bricks":1,"minecraft:arrow":1,"iceandfire:manuscript":4},"minecraft:picked_up":{"minecraft:crafting_table":7,"minecraft:chicken":1,"born_in_chaos_v1:smoked_monster_flesh":1,"minecraft:smithing_table":1,"minecraft:diamond_sword":1,"iceandfire:manuscript":2,"minecraft:string":31,"minecraft:stone_stairs":2,"minecraft:iron_axe":1,"minecraft:item_frame":1,"minecraft:experience_bottle":1,"minecraft:cracked_stone_bricks":3,"iceandfire:bestiary":1,"minecraft:candle":1,"minecraft:tnt_minecart":1,"minecraft:cobbled_deepslate":152,"minecraft:spruce_planks":3,"minecraft:enchanted_golden_apple":1,"minecraft:melon_slice":70,"minecraft:coal_block":3,"minecraft:iron_boots":1,"minecraft:egg":2,"minecraft:stick":8,"minecraft:raw_iron":53,"quark:glow_shroom_ring":12,"minecraft:torch":14,"minecraft:green_bed":2,"quark:blossom_log":5,"minecraft:cookie":5,"tombstone:grave_dust":8,"minecraft:diorite":45,"minecraft:arrow":5,"minecraft:rotten_flesh":21,"tombstone:essence_of_undeath":1,"sophisticatedbackpacks:copper_backpack":1,"supplementaries:ash":5,"minecraft:rail":5,"minecraft:white_wool":4,"minecraft:cobblestone":90,"born_in_chaos_v1:corpse_maggot":9,"minecraft:feather":1,"born_in_chaos_v1:monster_flesh":1,"minecraft:andesite":34,"minecraft:salmon":7,"luminousworld:ishstone":1,"minecraft:smoker":7,"quark:black_corundum_cluster":2,"minecraft:flint":6,"minecraft:tuff":45,"minecraft:oak_log":23,"undead_revamp2:huntereye":2,"minecraft:gunpowder":11,"minecraft:cobblestone_stairs":1,"minecraft:dirt":17,"minecraft:paper":4,"minecraft:bone":6,"minecraft:stone_bricks":25,"minecraft:wheat_seeds":4,"tombstone:bag_of_seeds":1,"minecraft:mossy_stone_bricks":1,"artifacts:antidote_vessel":2,"minecraft:glass_bottle":8,"minecraft:oak_planks":16,"quark:black_corundum":1,"minecraft:book":4,"minecraft:polished_andesite_stairs":3,"minecraft:oak_slab":1,"iceandfire:podium_spruce":1,"minecraft:chiseled_stone_bricks":1,"earthmobsmod:harder_flesh":4,"minecraft:spruce_sapling":2,"minecraft:blast_furnace":6,"minecraft:cyan_bed":7,"minecraft:mossy_cobblestone":3,"minecraft:trapped_chest":1,"minecraft:spider_eye":8,"alexsmobs:animal_dictionary":2,"minecraft:leather_helmet":3,"alexsmobs:raw_catfish":3,"minecraft:polished_andesite":12,"minecraft:diamond":2,"minecraft:chainmail_leggings":1,"minecraft:granite":2,"minecraft:emerald":6,"minecraft:chainmail_helmet":1,"minecraft:oak_sapling":4,"born_in_chaos_v1:rotten_fish":1,"minecraft:coal":60,"iceandfire:raw_silver":7},"minecraft:crafted":{"minecraft:oak_planks":22,"minecraft:cooked_chicken":1,"minecraft:iron_boots":1,"tombstone:grave_key":2,"minecraft:stone_pickaxe":1,"alexsmobs:cooked_catfish":3,"minecraft:diamond_sword":1,"quark:blossom_planks":20,"born_in_chaos_v1:smoked_fish":1,"minecraft:crafting_table":1,"minecraft:iron_helmet":1,"minecraft:baked_potato":6,"minecraft:wooden_pickaxe":1,"minecraft:cooked_salmon":7,"minecraft:stone_axe":1,"minecraft:air":0,"minecraft:iron_chestplate":1,"minecraft:shield":1,"minecraft:stick":32,"minecraft:iron_ingot":53,"minecraft:iron_pickaxe":3,"minecraft:stone_sword":1,"minecraft:iron_leggings":1,"minecraft:torch":88},"minecraft:used":{"minecraft:stone_sword":132,"born_in_chaos_v1:smoked_fish":1,"minecraft:shield":83,"minecraft:rotten_flesh":3,"minecraft:cooked_chicken":1,"minecraft:cooked_salmon":7,"minecraft:stick":2,"minecraft:torch":116,"minecraft:dirt":11,"minecraft:tuff":40,"born_in_chaos_v1:corpse_maggot":9,"minecraft:iron_axe":30,"minecraft:polished_andesite_stairs":1,"undead_revamp2:huntereye":2,"minecraft:stone_bricks":21,"tombstone:gift":3,"quark:blossom_planks":7,"minecraft:egg":1,"minecraft:cobbled_deepslate":101,"minecraft:enchanted_golden_apple":1,"alexsmobs:cooked_catfish":3,"minecraft:mossy_stone_bricks":1,"minecraft:diorite":2,"minecraft:baked_potato":6,"minecraft:stone_pickaxe":77,"minecraft:polished_andesite":12,"minecraft:wooden_pickaxe":5,"minecraft:green_bed":1,"minecraft:cookie":5,"minecraft:golden_apple":4,"minecraft:mossy_cobblestone":3,"minecraft:rail":1,"minecraft:crafting_table":7,"minecraft:blast_furnace":4,"minecraft:smoker":5,"tombstone:bag_of_seeds":1,"minecraft:apple":9,"minecraft:bread":19,"minecraft:cyan_bed":7,"minecraft:melon_slice":67,"minecraft:iron_pickaxe":523,"born_in_chaos_v1:smoked_monster_flesh":1,"minecraft:chiseled_stone_bricks":1,"minecraft:stone_axe":101,"minecraft:diamond_sword":385,"minecraft:cobblestone":49,"minecraft:andesite":12,"minecraft:chest_minecart":1,"alexsmobs:animal_dictionary":1,"minecraft:experience_bottle":1}},"DataVersion":3465}