{"stats":{"minecraft:custom":{"minecraft:mob_kills":64,"minecraft:open_barrel":1,"minecraft:interact_with_crafting_table":12,"minecraft:leave_game":1,"minecraft:time_since_death":61772,"minecraft:climb_one_cm":18037,"minecraft:sprint_one_cm":434634,"minecraft:walk_one_cm":327998,"minecraft:drop":33,"minecraft:talked_to_villager":2,"minecraft:play_time":92357,"minecraft:deaths":1,"minecraft:sneak_time":1560,"minecraft:walk_under_water_one_cm":29804,"minecraft:jump":2117,"minecraft:interact_with_blast_furnace":13,"minecraft:walk_on_water_one_cm":30335,"minecraft:total_world_time":92357,"tombstone:raider_killed":7,"minecraft:sleep_in_bed":9,"minecraft:time_since_rest":7528,"minecraft:damage_taken":2222,"minecraft:damage_absorbed":40,"minecraft:trigger_trapped_chest":1,"minecraft:damage_dealt":11114,"minecraft:swim_one_cm":81160,"minecraft:fly_one_cm":365909,"minecraft:open_chest":31,"minecraft:crouch_one_cm":5574,"tombstone:undead_killed":17,"minecraft:interact_with_smoker":13,"minecraft:fall_one_cm":64638},"minecraft:killed":{"illagerinvasion:archivist":1,"luminousworld:deer":1,"minecraft:vex":3,"minecraft:cave_spider":11,"born_in_chaos_v1:zombie_lumberjack":1,"enemyexpansion:intruder":2,"minecraft:vindicator":2,"enemyexpansion:direwolf":3,"minecraft:skeleton":5,"minecraft:fox":1,"naturalist:bass":1,"illagerinvasion:provoker":4,"luminousworld:monarch":1,"born_in_chaos_v1:corpse_fish":1,"enemyexpansion:goblin":1,"enemyexpansion:vampflyer":1,"minecraft:husk":1,"minecraft:zombie_villager":3,"minecraft:salmon":7,"minecraft:frog":1,"minecraft:creeper":1,"alexsmobs:catfish":1,"minecraft:zombie":6,"born_in_chaos_v1:dread_hound":1,"alexsmobs:crow":1},"minecraft:mined":{"minecraft:dark_oak_planks":1,"minecraft:tuff":20,"minecraft:spruce_planks":6,"iceandfire:silver_ore":7,"minecraft:mossy_cobblestone":4,"luminousworld:grassvariant_4":1,"minecraft:cobblestone_stairs":1,"placeablesmod:melon_block_1":1,"minecraft:potted_dead_bush":1,"minecraft:granite":2,"minecraft:grass_block":9,"minecraft:coal_block":3,"minecraft:polished_andesite_slab":1,"minecraft:spruce_leaves":11,"minecraft:spawner":1,"minecraft:chiseled_stone_bricks":1,"minecraft:iron_ore":41,"minecraft:cobbled_deepslate":4,"minecraft:andesite":27,"quark:black_corundum_cluster":2,"minecraft:bookshelf":1,"minecraft:vine":2,"minecraft:deepslate_iron_ore":14,"minecraft:stone":56,"minecraft:stripped_mangrove_wood":4,"iceandfire:podium_spruce":1,"minecraft:white_wool":5,"minecraft:cake":1,"minecraft:oak_slab":2,"minecraft:glass_pane":3,"minecraft:smoker":6,"minecraft:crafting_table":5,"minecraft:torch":3,"minecraft:blast_furnace":4,"minecraft:calcite":3,"minecraft:melon":15,"minecraft:polished_andesite_stairs":3,"quark:blossom_log":5,"minecraft:tall_grass":6,"minecraft:cobblestone":13,"minecraft:cyan_bed":7,"minecraft:oak_planks":12,"quark:black_corundum":1,"minecraft:diorite":44,"minecraft:wall_torch":3,"minecraft:spruce_stairs":1,"minecraft:stone_stairs":1,"minecraft:dark_oak_slab":1,"minecraft:grass":33,"minecraft:oak_log":23,"minecraft:coal_ore":27,"luminousworld:ishstone":1,"minecraft:dirt":6,"minecraft:cobweb":7,"minecraft:cracked_stone_bricks":1,"minecraft:tripwire_hook":1,"minecraft:polished_andesite":16,"minecraft:stone_bricks":29,"minecraft:oak_leaves":3,"minecraft:deepslate":184},"minecraft:broken":{"minecraft:stone_sword":1},"minecraft:dropped":{"iceandfire:raw_silver":5,"minecraft:wheat_seeds":1,"minecraft:granite":2,"minecraft:cracked_stone_bricks":3,"minecraft:leather_helmet":4,"minecraft:item_frame":1,"iceandfire:podium_spruce":1,"minecraft:melon_slice":2,"tombstone:grave_dust":1,"minecraft:polished_andesite_stairs":2,"minecraft:paper":9,"quark:black_corundum_cluster":2,"alexsmobs:animal_dictionary":2,"minecraft:rotten_flesh":1,"minecraft:iron_boots":1,"minecraft:stone_stairs":1,"quark:black_corundum":1,"supplementaries:ash":5,"artifacts:umbrella":1,"minecraft:spruce_planks":1,"minecraft:acacia_sapling":2,"minecraft:stone_bricks":1,"minecraft:arrow":1,"iceandfire:manuscript":4},"minecraft:picked_up":{"minecraft:crafting_table":6,"iceandfire:manuscript":2,"minecraft:string":23,"minecraft:stone_stairs":2,"minecraft:iron_axe":1,"minecraft:item_frame":1,"minecraft:experience_bottle":1,"iceandfire:bestiary":1,"minecraft:cracked_stone_bricks":3,"minecraft:tnt_minecart":1,"minecraft:cobbled_deepslate":105,"minecraft:spruce_planks":3,"minecraft:enchanted_golden_apple":1,"minecraft:melon_slice":70,"minecraft:coal_block":3,"minecraft:iron_boots":1,"minecraft:egg":1,"minecraft:stick":8,"minecraft:raw_iron":53,"minecraft:torch":10,"minecraft:green_bed":1,"quark:blossom_log":5,"tombstone:grave_dust":1,"minecraft:diorite":45,"minecraft:rotten_flesh":8,"minecraft:arrow":5,"sophisticatedbackpacks:copper_backpack":1,"supplementaries:ash":5,"minecraft:white_wool":4,"minecraft:cobblestone":69,"born_in_chaos_v1:monster_flesh":1,"minecraft:salmon":7,"minecraft:andesite":34,"luminousworld:ishstone":1,"minecraft:smoker":6,"quark:black_corundum_cluster":2,"minecraft:tuff":22,"minecraft:oak_log":23,"minecraft:gunpowder":5,"minecraft:cobblestone_stairs":1,"minecraft:paper":4,"minecraft:dirt":17,"minecraft:bone":4,"minecraft:stone_bricks":25,"minecraft:wheat_seeds":1,"minecraft:mossy_stone_bricks":1,"minecraft:glass_bottle":8,"minecraft:oak_planks":16,"quark:black_corundum":1,"minecraft:book":4,"minecraft:polished_andesite_stairs":3,"minecraft:oak_slab":1,"iceandfire:podium_spruce":1,"minecraft:chiseled_stone_bricks":1,"minecraft:spruce_sapling":2,"minecraft:blast_furnace":4,"minecraft:cyan_bed":7,"minecraft:trapped_chest":1,"minecraft:spider_eye":8,"minecraft:leather_helmet":3,"alexsmobs:animal_dictionary":2,"minecraft:mossy_cobblestone":3,"alexsmobs:raw_catfish":3,"minecraft:polished_andesite":12,"minecraft:chainmail_leggings":1,"minecraft:granite":2,"minecraft:emerald":3,"minecraft:chainmail_helmet":1,"minecraft:oak_sapling":1,"born_in_chaos_v1:rotten_fish":1,"minecraft:coal":33,"iceandfire:raw_silver":6},"minecraft:crafted":{"minecraft:oak_planks":16,"minecraft:iron_boots":1,"minecraft:stone_pickaxe":1,"alexsmobs:cooked_catfish":3,"minecraft:diamond_sword":1,"quark:blossom_planks":20,"born_in_chaos_v1:smoked_fish":1,"minecraft:crafting_table":1,"minecraft:iron_helmet":1,"minecraft:wooden_pickaxe":1,"minecraft:baked_potato":6,"minecraft:cooked_salmon":7,"minecraft:stone_axe":1,"minecraft:air":0,"minecraft:iron_chestplate":1,"minecraft:stick":28,"minecraft:iron_ingot":24,"minecraft:iron_pickaxe":2,"minecraft:stone_sword":1,"minecraft:torch":88},"minecraft:used":{"minecraft:stone_sword":132,"born_in_chaos_v1:smoked_fish":1,"minecraft:cooked_salmon":4,"minecraft:stick":2,"minecraft:torch":101,"minecraft:dirt":11,"minecraft:tuff":22,"minecraft:iron_axe":15,"minecraft:polished_andesite_stairs":1,"minecraft:stone_bricks":17,"quark:blossom_planks":7,"tombstone:gift":1,"minecraft:egg":1,"minecraft:cobbled_deepslate":74,"alexsmobs:cooked_catfish":3,"minecraft:mossy_stone_bricks":1,"minecraft:diorite":2,"minecraft:baked_potato":6,"minecraft:stone_pickaxe":77,"minecraft:polished_andesite":12,"minecraft:wooden_pickaxe":5,"minecraft:golden_apple":2,"minecraft:mossy_cobblestone":3,"minecraft:crafting_table":6,"minecraft:blast_furnace":2,"minecraft:smoker":4,"minecraft:apple":9,"minecraft:bread":19,"minecraft:cyan_bed":6,"minecraft:melon_slice":14,"minecraft:iron_pickaxe":440,"minecraft:chiseled_stone_bricks":1,"minecraft:stone_axe":101,"minecraft:diamond_sword":179,"minecraft:cobblestone":30,"alexsmobs:animal_dictionary":1,"minecraft:experience_bottle":1}},"DataVersion":3465}