{"stats":{"minecraft:killed":{"undead_revamp2:thehunter":1,"undead_revamp2:theimmortal":6,"minecraft:spider":1,"minecraft:vindicator":1,"enemyexpansion:equestrian":1,"enemyexpansion:direwolf":2,"born_in_chaos_v1:zombie_bruiser":2,"born_in_chaos_v1:maggot":3,"minecraft:skeleton":3,"naturalist:bass":2,"undead_revamp2:sucker":1,"earthmobsmod:albino_cow":1,"born_in_chaos_v1:barrel_zombie":1,"minecraft:pig":1,"undead_revamp2:the_moonflower":7,"minecraft:pillager":7,"born_in_chaos_v1:zombie_fisherman":1,"luminousworld:savannah_skeleton":1,"alexsmobs:crocodile":1,"minecraft:zombie":1,"iceandfire:ghost":3,"born_in_chaos_v1:corpse_fly":3,"minecraft:cow":5},"minecraft:custom":{"minecraft:mob_kills":62,"minecraft:interact_with_crafting_table":22,"minecraft:open_barrel":3,"minecraft:interact_with_campfire":3,"minecraft:damage_dealt_resisted":72,"minecraft:leave_game":2,"minecraft:time_since_death":21467,"minecraft:climb_one_cm":11467,"minecraft:sprint_one_cm":360430,"minecraft:walk_one_cm":448687,"minecraft:damage_blocked_by_shield":580,"minecraft:drop":27,"minecraft:talked_to_villager":4,"minecraft:play_time":120374,"minecraft:deaths":4,"minecraft:sneak_time":10067,"minecraft:walk_under_water_one_cm":14224,"minecraft:boat_one_cm":1710,"minecraft:interact_with_lectern":1,"minecraft:jump":2722,"minecraft:walk_on_water_one_cm":32595,"minecraft:total_world_time":120374,"minecraft:interact_with_furnace":37,"tombstone:raider_killed":8,"minecraft:sleep_in_bed":7,"minecraft:time_since_rest":9902,"minecraft:damage_taken":2912,"minecraft:trigger_trapped_chest":2,"minecraft:damage_dealt":13069,"minecraft:swim_one_cm":32887,"minecraft:fly_one_cm":556739,"minecraft:open_chest":21,"minecraft:crouch_one_cm":40389,"tombstone:undead_killed":28,"minecraft:interact_with_smoker":1,"minecraft:fall_one_cm":63654},"minecraft:mined":{"minecraft:white_bed":9,"iceandfire:graveyard_soil":1,"minecraft:stripped_mangrove_log":1,"minecraft:brewing_stand":1,"minecraft:grass_block":6,"minecraft:stone_brick_wall":1,"luminousworld:clovers_2":1,"minecraft:coal_block":3,"minecraft:white_concrete_powder":3,"minecraft:hay_block":17,"minecraft:tall_seagrass":1,"placeablesmod:lava_bucket_block":1,"minecraft:furnace":6,"minecraft:iron_ore":14,"minecraft:fire":1,"minecraft:potatoes":1,"minecraft:bookshelf":17,"supplementaries:stick":2,"minecraft:vine":1,"minecraft:dirt_path":1,"luminousworld:groundpebbles_2":1,"minecraft:stone":63,"minecraft:player_head":1,"minecraft:mangrove_stairs":2,"minecraft:smoker":2,"minecraft:oak_fence":1,"minecraft:torch":1,"minecraft:tall_grass":8,"minecraft:oak_planks":16,"minecraft:wheat":3,"minecraft:grass":11,"minecraft:oak_log":34,"minecraft:coal_ore":47,"minecraft:gravel":1,"minecraft:dirt":6,"luminousworld:grassvariant_3":1,"minecraft:cobweb":1,"minecraft:stone_bricks":3,"minecraft:oak_leaves":8,"minecraft:fern":1},"minecraft:dropped":{"minecraft:bread":1,"minecraft:wheat_seeds":3,"minecraft:cooked_beef":3,"minecraft:feather":2,"minecraft:stick":9,"minecraft:string":1,"minecraft:stone_axe":1,"minecraft:player_head":1,"minecraft:rotten_flesh":1,"minecraft:oak_planks":52,"minecraft:skeleton_skull":1,"iceandfire:bestiary":1,"minecraft:arrow":3,"iceandfire:manuscript":2},"minecraft:picked_up":{"luminousworld:groundpebbles_1":1,"minecraft:wheat":4,"illagerinvasion:platinum_chunk":9,"minecraft:stone_brick_wall":2,"minecraft:brewing_stand":1,"minecraft:stripped_mangrove_log":1,"iceandfire:manuscript":1,"minecraft:string":2,"minecraft:pufferfish":1,"minecraft:oak_sign":1,"iceandfire:graveyard_soil":1,"minecraft:beef":13,"minecraft:player_head":2,"minecraft:coal_block":3,"minecraft:egg":3,"minecraft:furnace":6,"minecraft:stick":12,"minecraft:raw_iron":15,"minecraft:oak_fence":1,"minecraft:torch":1,"minecraft:porkchop":3,"tombstone:grave_dust":4,"born_in_chaos_v1:pieceofdarkmetal":2,"minecraft:carrot":1,"minecraft:stone_pressure_plate":2,"minecraft:rotten_flesh":18,"minecraft:mangrove_stairs":2,"minecraft:arrow":9,"minecraft:hay_block":17,"minecraft:gold_ingot":2,"supplementaries:ash":2,"minecraft:cobblestone":54,"born_in_chaos_v1:corpse_maggot":6,"minecraft:feather":2,"minecraft:cooked_beef":2,"minecraft:salmon":1,"minecraft:leather":4,"minecraft:smoker":2,"minecraft:potato":2,"minecraft:oak_log":36,"minecraft:horn_coral":1,"minecraft:dirt":8,"minecraft:lantern":2,"minecraft:bone":6,"minecraft:apple":1,"minecraft:stone_bricks":3,"minecraft:wheat_seeds":21,"minecraft:iron_ingot":3,"minecraft:oak_planks":68,"minecraft:iron_sword":1,"minecraft:book":51,"luminousworld:clovers_1":1,"minecraft:cooked_porkchop":3,"alexsmobs:crocodile_egg":1,"minecraft:gravel":1,"minecraft:lava_bucket":1,"minecraft:white_bed":9,"minecraft:white_concrete_powder":4,"minecraft:iron_helmet":1,"minecraft:painting":1,"minecraft:emerald":7,"minecraft:bread":2,"minecraft:oak_sapling":5,"minecraft:coal":60},"minecraft:killed_by":{"undead_revamp2:theimmortal":1,"undead_revamp2:the_moonflower":1,"enemyexpansion:equestrian":1,"iceandfire:fire_dragon":1},"minecraft:crafted":{"minecraft:oak_planks":124,"minecraft:coal":27,"minecraft:furnace":5,"minecraft:iron_axe":1,"tombstone:grave_key":1,"minecraft:stone_pickaxe":1,"minecraft:cooked_beef":13,"minecraft:crafting_table":6,"minecraft:wooden_pickaxe":1,"minecraft:mangrove_planks":4,"minecraft:bucket":1,"minecraft:stone_axe":1,"minecraft:bread":13,"minecraft:air":0,"minecraft:oak_boat":1,"minecraft:wooden_hoe":1,"minecraft:shield":1,"minecraft:stick":16,"quark:oak_chest":1,"minecraft:iron_ingot":15,"minecraft:torch":20},"minecraft:used":{"minecraft:oak_fence":1,"minecraft:oak_sign":1,"minecraft:white_concrete_powder":4,"minecraft:shield":21,"minecraft:iron_sword":105,"minecraft:player_head":1,"minecraft:stick":4,"minecraft:torch":12,"minecraft:dirt":8,"minecraft:carrot":2,"minecraft:lava_bucket":4,"minecraft:mangrove_stairs":2,"minecraft:lantern":2,"minecraft:iron_axe":129,"minecraft:stone_bricks":3,"minecraft:horn_coral":1,"minecraft:oak_sapling":5,"minecraft:furnace":6,"tombstone:gift":3,"minecraft:cooked_beef":7,"minecraft:egg":3,"minecraft:stone_pressure_plate":2,"minecraft:potato":2,"luminousworld:clovers_1":1,"minecraft:iron_leggings":1,"minecraft:wheat_seeds":4,"minecraft:water_bucket":12,"minecraft:mangrove_planks":4,"minecraft:stone_pickaxe":121,"minecraft:oak_planks":59,"minecraft:wooden_pickaxe":3,"luminousworld:groundpebbles_1":1,"minecraft:crafting_table":6,"minecraft:white_bed":8,"minecraft:stone_brick_wall":2,"minecraft:painting":3,"minecraft:smoker":1,"minecraft:oak_log":5,"alexsmobs:terrapin_bucket":2,"minecraft:wooden_hoe":2,"minecraft:apple":1,"alexsmobs:crocodile_egg":1,"minecraft:bread":8,"minecraft:iron_pickaxe":23,"iceandfire:graveyard_soil":1,"minecraft:stone_axe":68,"minecraft:cobblestone":8,"minecraft:cooked_porkchop":3,"minecraft:bucket":19,"minecraft:oak_boat":1,"alexsmobs:animal_dictionary":1,"quark:oak_chest":1}},"DataVersion":3465}