{"stats":{"minecraft:custom":{"minecraft:mob_kills":40,"minecraft:interact_with_crafting_table":19,"minecraft:open_barrel":2,"minecraft:interact_with_campfire":3,"minecraft:damage_dealt_resisted":72,"minecraft:leave_game":2,"minecraft:time_since_death":23412,"minecraft:climb_one_cm":11467,"minecraft:sprint_one_cm":325962,"minecraft:walk_one_cm":375471,"minecraft:damage_blocked_by_shield":530,"minecraft:drop":12,"minecraft:talked_to_villager":4,"minecraft:play_time":92506,"minecraft:deaths":3,"minecraft:sneak_time":8331,"minecraft:walk_under_water_one_cm":8639,"minecraft:interact_with_lectern":1,"minecraft:jump":2378,"minecraft:walk_on_water_one_cm":14172,"minecraft:total_world_time":92506,"minecraft:interact_with_furnace":37,"tombstone:raider_killed":8,"minecraft:sleep_in_bed":4,"minecraft:time_since_rest":72,"minecraft:damage_taken":2018,"minecraft:trigger_trapped_chest":2,"minecraft:damage_dealt":8508,"minecraft:swim_one_cm":29183,"minecraft:fly_one_cm":503978,"minecraft:open_chest":21,"minecraft:crouch_one_cm":33747,"tombstone:undead_killed":15,"minecraft:fall_one_cm":55970},"minecraft:dropped":{"minecraft:bread":1,"minecraft:cooked_beef":3,"minecraft:feather":2,"minecraft:stick":3,"minecraft:stone_axe":1,"minecraft:player_head":1,"minecraft:rotten_flesh":1,"iceandfire:bestiary":1,"iceandfire:manuscript":2},"minecraft:killed_by":{"undead_revamp2:the_moonflower":1,"enemyexpansion:equestrian":1,"iceandfire:fire_dragon":1},"minecraft:mined":{"minecraft:white_bed":5,"iceandfire:graveyard_soil":1,"minecraft:stripped_mangrove_log":1,"minecraft:brewing_stand":1,"minecraft:stone_brick_wall":1,"minecraft:grass_block":5,"luminousworld:clovers_2":1,"minecraft:coal_block":3,"minecraft:hay_block":17,"placeablesmod:lava_bucket_block":1,"minecraft:furnace":6,"minecraft:iron_ore":14,"minecraft:bookshelf":17,"minecraft:dirt_path":1,"minecraft:vine":1,"luminousworld:groundpebbles_2":1,"minecraft:stone":63,"minecraft:player_head":1,"minecraft:mangrove_stairs":2,"minecraft:smoker":1,"minecraft:oak_fence":1,"minecraft:torch":1,"minecraft:tall_grass":8,"minecraft:oak_planks":16,"minecraft:wheat":3,"minecraft:grass":8,"minecraft:coal_ore":47,"minecraft:oak_log":34,"minecraft:gravel":1,"minecraft:dirt":6,"luminousworld:grassvariant_3":1,"minecraft:cobweb":1,"minecraft:stone_bricks":3,"minecraft:oak_leaves":8,"minecraft:fern":1},"minecraft:crafted":{"minecraft:oak_planks":124,"minecraft:coal":27,"minecraft:furnace":5,"minecraft:iron_axe":1,"minecraft:stone_pickaxe":1,"minecraft:cooked_beef":13,"minecraft:crafting_table":5,"minecraft:wooden_pickaxe":1,"minecraft:mangrove_planks":4,"minecraft:bucket":1,"minecraft:stone_axe":1,"minecraft:bread":13,"minecraft:air":0,"minecraft:shield":1,"minecraft:stick":12,"quark:oak_chest":1,"minecraft:iron_ingot":15,"minecraft:torch":20},"minecraft:used":{"minecraft:oak_fence":1,"minecraft:oak_sign":1,"minecraft:shield":18,"minecraft:iron_sword":46,"minecraft:player_head":1,"minecraft:torch":8,"minecraft:dirt":7,"minecraft:carrot":2,"minecraft:lava_bucket":4,"minecraft:mangrove_stairs":2,"minecraft:lantern":2,"minecraft:iron_axe":104,"minecraft:stone_bricks":3,"minecraft:horn_coral":1,"minecraft:furnace":6,"minecraft:oak_sapling":5,"tombstone:gift":3,"minecraft:egg":1,"minecraft:stone_pressure_plate":2,"minecraft:cooked_beef":5,"minecraft:potato":1,"luminousworld:clovers_1":1,"minecraft:iron_leggings":1,"minecraft:wheat_seeds":3,"minecraft:water_bucket":6,"minecraft:oak_planks":59,"minecraft:stone_pickaxe":121,"minecraft:mangrove_planks":4,"minecraft:wooden_pickaxe":3,"luminousworld:groundpebbles_1":1,"minecraft:crafting_table":5,"minecraft:white_bed":4,"minecraft:stone_brick_wall":2,"minecraft:painting":3,"minecraft:oak_log":5,"minecraft:apple":1,"minecraft:bread":6,"minecraft:iron_pickaxe":22,"iceandfire:graveyard_soil":1,"minecraft:stone_axe":68,"minecraft:cobblestone":8,"minecraft:cooked_porkchop":3,"minecraft:bucket":11,"quark:oak_chest":1},"minecraft:killed":{"undead_revamp2:thehunter":1,"enemyexpansion:equestrian":1,"minecraft:vindicator":1,"born_in_chaos_v1:zombie_bruiser":2,"born_in_chaos_v1:maggot":3,"minecraft:skeleton":2,"undead_revamp2:sucker":1,"earthmobsmod:albino_cow":1,"born_in_chaos_v1:barrel_zombie":1,"minecraft:pig":1,"undead_revamp2:the_moonflower":1,"born_in_chaos_v1:zombie_fisherman":1,"minecraft:pillager":7,"luminousworld:savannah_skeleton":1,"minecraft:zombie":1,"iceandfire:ghost":3,"minecraft:cow":5},"minecraft:picked_up":{"luminousworld:groundpebbles_1":1,"minecraft:wheat":4,"illagerinvasion:platinum_chunk":9,"minecraft:stone_brick_wall":2,"minecraft:brewing_stand":1,"minecraft:stripped_mangrove_log":1,"iceandfire:manuscript":1,"minecraft:string":1,"minecraft:pufferfish":1,"minecraft:oak_sign":1,"iceandfire:graveyard_soil":1,"minecraft:beef":13,"minecraft:player_head":2,"minecraft:coal_block":3,"minecraft:furnace":6,"minecraft:egg":3,"minecraft:raw_iron":15,"minecraft:stick":4,"minecraft:oak_fence":1,"minecraft:torch":1,"minecraft:porkchop":3,"born_in_chaos_v1:pieceofdarkmetal":2,"minecraft:carrot":1,"minecraft:stone_pressure_plate":2,"minecraft:arrow":5,"minecraft:mangrove_stairs":2,"minecraft:rotten_flesh":18,"minecraft:hay_block":17,"minecraft:gold_ingot":2,"supplementaries:ash":1,"minecraft:cobblestone":54,"born_in_chaos_v1:corpse_maggot":1,"minecraft:feather":2,"minecraft:cooked_beef":2,"minecraft:salmon":1,"minecraft:leather":4,"minecraft:smoker":1,"minecraft:potato":1,"minecraft:oak_log":36,"minecraft:horn_coral":1,"minecraft:dirt":7,"minecraft:lantern":2,"minecraft:bone":3,"minecraft:apple":1,"minecraft:stone_bricks":3,"minecraft:wheat_seeds":17,"minecraft:iron_ingot":3,"minecraft:oak_planks":16,"minecraft:iron_sword":1,"minecraft:book":51,"luminousworld:clovers_1":1,"minecraft:cooked_porkchop":3,"minecraft:lava_bucket":1,"minecraft:gravel":1,"minecraft:white_bed":5,"minecraft:iron_helmet":1,"minecraft:painting":1,"minecraft:bread":2,"minecraft:emerald":7,"minecraft:oak_sapling":5,"minecraft:coal":60}},"DataVersion":3465}