{"stats":{"minecraft:mined":{"undead_revamp2:arapholia":1,"luminousworld:groundpebbles_1":1,"minecraft:white_bed":2,"iceandfire:silver_ore":1,"luminousworld:yellowpetunias":1,"minecraft:oak_fence":1,"minecraft:crafting_table":1,"minecraft:emerald_ore":1,"minecraft:grass_block":5,"placeablesmod:stick_block":2,"minecraft:coal_block":8,"minecraft:tall_grass":3,"minecraft:cobblestone":3,"luminousworld:white_oak_plank":1,"minecraft:oak_planks":2,"luminousworld:groundpebbles_3":1,"minecraft:skeleton_skull":3,"luminousworld:whiteoaklog":2,"placeablesmod:stick_block_2":1,"luminousworld:yellow_grassflowers":1,"minecraft:beehive":1,"minecraft:iron_ore":68,"minecraft:wheat":92,"minecraft:pumpkin":3,"minecraft:peony":12,"minecraft:grass":5,"minecraft:oak_log":5,"supplementaries:stick":10,"minecraft:coal_ore":222,"minecraft:dirt_path":1,"minecraft:dirt":5,"minecraft:cobweb":18,"minecraft:stone":25,"minecraft:infested_stone":1},"minecraft:used":{"minecraft:peony":1,"minecraft:wheat_seeds":91,"minecraft:stone_sword":54,"minecraft:bundle":1,"minecraft:stone_pickaxe":126,"minecraft:oak_planks":2,"minecraft:wooden_pickaxe":58,"minecraft:shield":2,"luminousworld:white_oak_plank":2,"minecraft:chainmail_helmet":1,"luminousworld:yellow_grassflowers":1,"luminousworld:groundpebbles_1":2,"minecraft:rotten_flesh":4,"luminousworld:yellowpetunias":1,"minecraft:iron_chestplate":1,"minecraft:stick":14,"minecraft:dirt":7,"minecraft:crafting_table":3,"minecraft:white_bed":2,"minecraft:wooden_axe":29,"minecraft:lava_bucket":2,"minecraft:lantern":1,"minecraft:bread":10,"minecraft:iron_pickaxe":150,"minecraft:cobblestone":11,"minecraft:furnace":1,"minecraft:bucket":2,"tombstone:gift":1,"minecraft:skeleton_skull":3,"alexsmobs:animal_dictionary":1,"undead_revamp2:arapholia":2,"minecraft:egg":1},"minecraft:killed_by":{"born_in_chaos_v1:nightmare_stalker":1,"minecraft:zombie":2,"born_in_chaos_v1:corpse_fly":1,"born_in_chaos_v1:skeleton_demoman":1},"minecraft:dropped":{"minecraft:wheat_seeds":1,"minecraft:skeleton_skull":1,"minecraft:pumpkin":1},"minecraft:crafted":{"minecraft:oak_planks":20,"minecraft:crafting_table":2,"minecraft:wooden_pickaxe":1,"minecraft:furnace":1,"minecraft:bucket":1,"minecraft:bread":29,"minecraft:air":0,"minecraft:iron_boots":1,"minecraft:shield":1,"luminousworld:white_oak_plank":8,"minecraft:stick":12,"minecraft:iron_ingot":43,"minecraft:iron_pickaxe":1,"minecraft:stone_pickaxe":1,"minecraft:wooden_axe":1,"minecraft:stone_sword":1,"minecraft:iron_leggings":1},"minecraft:killed":{"undead_revamp2:theimmortal":1,"minecraft:salmon":1,"minecraft:spider":3,"enemyexpansion:sprinter":1,"minecraft:skeleton":2,"minecraft:silverfish":5},"minecraft:broken":{"minecraft:stone_pickaxe":1,"minecraft:wooden_axe":1,"minecraft:wooden_pickaxe":1},"minecraft:custom":{"minecraft:interact_with_furnace":12,"minecraft:mob_kills":13,"minecraft:animals_bred":1,"minecraft:interact_with_crafting_table":22,"minecraft:bell_ring":2,"minecraft:damage_dealt_resisted":30,"minecraft:leave_game":5,"minecraft:time_since_death":51867,"minecraft:sleep_in_bed":5,"minecraft:climb_one_cm":2978,"minecraft:time_since_rest":51634,"minecraft:sprint_one_cm":168707,"minecraft:damage_taken":1720,"minecraft:walk_one_cm":369807,"minecraft:damage_blocked_by_shield":60,"minecraft:drop":3,"minecraft:damage_dealt":2207,"minecraft:damage_dealt_absorbed":32,"minecraft:swim_one_cm":5127,"minecraft:fly_one_cm":146459,"minecraft:play_time":142272,"minecraft:crouch_one_cm":10604,"tombstone:undead_killed":4,"minecraft:deaths":5,"minecraft:sneak_time":3905,"minecraft:walk_under_water_one_cm":2652,"minecraft:interact_with_brewingstand":1,"minecraft:jump":739,"minecraft:walk_on_water_one_cm":22771,"minecraft:total_world_time":142272,"minecraft:fall_one_cm":15898},"minecraft:picked_up":{"luminousworld:groundpebbles_1":2,"minecraft:crafting_table":1,"minecraft:wheat":91,"minecraft:oak_log":5,"minecraft:dirt":10,"minecraft:string":22,"minecraft:lantern":1,"minecraft:experience_bottle":1,"minecraft:bone":3,"minecraft:stone_bricks":2,"minecraft:wheat_seeds":243,"quark:black_shard":1,"minecraft:coal_block":8,"luminousworld:white_oak_plank":1,"minecraft:oak_planks":2,"minecraft:egg":1,"minecraft:beehive":1,"minecraft:stick":22,"minecraft:raw_iron":64,"minecraft:pumpkin":4,"minecraft:white_bed":2,"luminousworld:whiteoaklog":2,"minecraft:bundle":1,"minecraft:arrow":4,"minecraft:rotten_flesh":4,"luminousworld:yellow_grassflowers":1,"minecraft:peony":5,"luminousworld:yellowpetunias":1,"minecraft:emerald":1,"minecraft:chainmail_helmet":1,"minecraft:gold_ingot":1,"tombstone:magic_scroll":1,"minecraft:oak_sapling":2,"minecraft:skeleton_skull":5,"undead_revamp2:arapholia":2,"minecraft:coal":210,"iceandfire:raw_silver":1,"minecraft:cobblestone":28}},"DataVersion":3465}