{"stats":{"minecraft:mined":{"undead_revamp2:arapholia":1,"luminousworld:groundpebbles_1":2,"minecraft:white_bed":2,"iceandfire:silver_ore":1,"luminousworld:yellowpetunias":1,"minecraft:oak_fence":1,"minecraft:crafting_table":2,"minecraft:emerald_ore":1,"minecraft:grass_block":6,"placeablesmod:stick_block":2,"luminousworld:grassvariant_2":2,"minecraft:coal_block":8,"minecraft:tall_grass":4,"minecraft:cobblestone":3,"luminousworld:white_oak_plank":1,"minecraft:oak_planks":2,"luminousworld:groundpebbles_3":1,"minecraft:skeleton_skull":3,"luminousworld:whiteoaklog":7,"placeablesmod:stick_block_2":1,"luminousworld:yellow_grassflowers":1,"minecraft:beehive":1,"minecraft:iron_ore":75,"minecraft:wheat":181,"minecraft:pumpkin":3,"minecraft:peony":12,"minecraft:grass":5,"minecraft:oak_log":5,"supplementaries:stick":10,"minecraft:coal_ore":224,"minecraft:dirt_path":13,"minecraft:dirt":6,"luminousworld:grassvariant_3":2,"minecraft:cobweb":18,"minecraft:stone":29,"minecraft:infested_stone":1},"minecraft:used":{"minecraft:peony":1,"minecraft:wheat_seeds":171,"minecraft:stone_sword":54,"minecraft:bundle":1,"minecraft:stone_pickaxe":126,"minecraft:oak_planks":2,"minecraft:wooden_pickaxe":58,"minecraft:shield":2,"luminousworld:white_oak_plank":2,"minecraft:chainmail_helmet":1,"luminousworld:yellow_grassflowers":1,"luminousworld:groundpebbles_1":2,"minecraft:rotten_flesh":4,"luminousworld:yellowpetunias":1,"minecraft:iron_chestplate":1,"minecraft:stick":14,"minecraft:dirt":23,"minecraft:crafting_table":4,"minecraft:white_bed":2,"minecraft:iron_hoe":75,"minecraft:wooden_axe":29,"minecraft:lava_bucket":3,"minecraft:lantern":1,"minecraft:bread":12,"minecraft:iron_pickaxe":164,"minecraft:cobblestone":11,"minecraft:furnace":1,"minecraft:bucket":3,"tombstone:gift":1,"minecraft:skeleton_skull":3,"alexsmobs:animal_dictionary":1,"undead_revamp2:arapholia":2,"minecraft:egg":1},"minecraft:killed_by":{"born_in_chaos_v1:nightmare_stalker":1,"minecraft:zombie":2,"born_in_chaos_v1:corpse_fly":1,"born_in_chaos_v1:skeleton_demoman":1},"minecraft:dropped":{"minecraft:wheat_seeds":1,"minecraft:skeleton_skull":1,"minecraft:pumpkin":1},"minecraft:crafted":{"minecraft:oak_planks":20,"aether:iron_ring":1,"minecraft:crafting_table":2,"minecraft:wooden_pickaxe":1,"minecraft:furnace":1,"minecraft:bucket":1,"iceandfire:earplugs":1,"minecraft:bread":57,"minecraft:air":0,"aether:iron_gloves":1,"minecraft:iron_boots":1,"minecraft:shield":1,"minecraft:iron_hoe":1,"luminousworld:white_oak_plank":28,"minecraft:stick":12,"minecraft:iron_ingot":43,"minecraft:iron_pickaxe":1,"minecraft:stone_pickaxe":1,"minecraft:wooden_axe":1,"minecraft:stone_sword":1,"minecraft:iron_leggings":1,"aether:iron_pendant":1},"minecraft:killed":{"undead_revamp2:theimmortal":1,"minecraft:salmon":1,"minecraft:spider":3,"enemyexpansion:sprinter":1,"minecraft:skeleton":2,"minecraft:silverfish":5},"minecraft:broken":{"minecraft:stone_pickaxe":1,"minecraft:wooden_axe":1,"minecraft:wooden_pickaxe":1},"minecraft:custom":{"minecraft:interact_with_furnace":15,"minecraft:mob_kills":13,"minecraft:animals_bred":1,"minecraft:interact_with_crafting_table":31,"minecraft:bell_ring":2,"minecraft:damage_dealt_resisted":30,"minecraft:leave_game":5,"minecraft:time_since_death":63867,"minecraft:sleep_in_bed":5,"minecraft:climb_one_cm":2978,"minecraft:time_since_rest":63634,"minecraft:sprint_one_cm":184812,"minecraft:damage_taken":1720,"minecraft:walk_one_cm":430217,"minecraft:damage_blocked_by_shield":60,"minecraft:drop":3,"minecraft:damage_dealt":2207,"minecraft:damage_dealt_absorbed":32,"minecraft:swim_one_cm":5127,"minecraft:fly_one_cm":148150,"minecraft:play_time":154272,"minecraft:crouch_one_cm":10604,"tombstone:undead_killed":4,"minecraft:deaths":5,"minecraft:sneak_time":3906,"minecraft:walk_under_water_one_cm":2652,"minecraft:interact_with_brewingstand":1,"minecraft:jump":761,"minecraft:walk_on_water_one_cm":22771,"minecraft:total_world_time":154272,"minecraft:fall_one_cm":16167},"minecraft:picked_up":{"luminousworld:groundpebbles_1":3,"minecraft:crafting_table":2,"minecraft:wheat":174,"minecraft:oak_log":5,"minecraft:dirt":24,"minecraft:string":22,"minecraft:lantern":1,"minecraft:experience_bottle":1,"minecraft:bone":3,"minecraft:stone_bricks":2,"minecraft:wheat_seeds":462,"quark:black_shard":1,"minecraft:coal_block":8,"luminousworld:white_oak_plank":1,"minecraft:oak_planks":2,"minecraft:egg":1,"minecraft:beehive":1,"minecraft:stick":22,"minecraft:raw_iron":72,"minecraft:pumpkin":4,"minecraft:white_bed":2,"luminousworld:whiteoaklog":7,"minecraft:bundle":1,"minecraft:arrow":4,"minecraft:rotten_flesh":4,"luminousworld:yellow_grassflowers":1,"minecraft:peony":5,"luminousworld:yellowpetunias":1,"minecraft:emerald":1,"minecraft:chainmail_helmet":1,"minecraft:gold_ingot":1,"tombstone:magic_scroll":1,"minecraft:oak_sapling":2,"minecraft:skeleton_skull":5,"undead_revamp2:arapholia":2,"minecraft:coal":220,"iceandfire:raw_silver":1,"minecraft:cobblestone":32}},"DataVersion":3465}