{"stats":{"minecraft:mined":{"undead_revamp2:arapholia":1,"minecraft:white_bed":2,"minecraft:oak_fence":1,"minecraft:crafting_table":1,"placeablesmod:stick_block":2,"minecraft:coal_block":8,"luminousworld:groundpebbles_3":1,"minecraft:skeleton_skull":3,"luminousworld:yellow_grassflowers":1,"placeablesmod:stick_block_2":1,"minecraft:beehive":1,"minecraft:iron_ore":9,"minecraft:wheat":91,"minecraft:pumpkin":3,"minecraft:peony":3,"minecraft:grass":4,"minecraft:oak_log":5,"supplementaries:stick":10,"minecraft:coal_ore":13,"minecraft:dirt_path":1,"minecraft:dirt":5,"minecraft:cobweb":2,"minecraft:stone":17},"minecraft:used":{"minecraft:wheat_seeds":91,"minecraft:stone_sword":2,"minecraft:bundle":1,"minecraft:stone_pickaxe":27,"minecraft:wooden_pickaxe":22,"minecraft:chainmail_helmet":1,"luminousworld:groundpebbles_1":1,"luminousworld:yellow_grassflowers":1,"minecraft:rotten_flesh":4,"minecraft:stick":14,"minecraft:dirt":6,"minecraft:crafting_table":3,"minecraft:white_bed":2,"minecraft:wooden_axe":29,"minecraft:lantern":1,"minecraft:bread":5,"minecraft:cobblestone":1,"minecraft:furnace":1,"alexsmobs:animal_dictionary":1,"tombstone:gift":1,"undead_revamp2:arapholia":2,"minecraft:egg":1,"minecraft:skeleton_skull":3},"minecraft:killed_by":{"minecraft:zombie":1,"born_in_chaos_v1:corpse_fly":1,"born_in_chaos_v1:skeleton_demoman":1},"minecraft:dropped":{"minecraft:wheat_seeds":1,"minecraft:skeleton_skull":1,"minecraft:pumpkin":1},"minecraft:crafted":{"minecraft:oak_planks":20,"minecraft:crafting_table":2,"minecraft:wooden_pickaxe":1,"minecraft:furnace":1,"minecraft:bread":29,"minecraft:stick":8,"minecraft:stone_pickaxe":1,"minecraft:wooden_axe":1,"minecraft:stone_sword":1},"minecraft:broken":{"minecraft:wooden_axe":1},"minecraft:killed":{"undead_revamp2:theimmortal":1,"minecraft:salmon":1,"enemyexpansion:sprinter":1},"minecraft:custom":{"minecraft:interact_with_furnace":2,"minecraft:mob_kills":3,"minecraft:animals_bred":1,"minecraft:interact_with_crafting_table":9,"minecraft:bell_ring":1,"minecraft:leave_game":3,"minecraft:time_since_death":4406,"minecraft:sleep_in_bed":2,"minecraft:climb_one_cm":2526,"minecraft:time_since_rest":3656,"minecraft:sprint_one_cm":76707,"minecraft:damage_taken":1056,"minecraft:walk_one_cm":185561,"minecraft:drop":3,"minecraft:damage_dealt":761,"minecraft:swim_one_cm":5127,"minecraft:fly_one_cm":88324,"minecraft:crouch_one_cm":3785,"minecraft:play_time":36393,"tombstone:undead_killed":2,"minecraft:deaths":3,"minecraft:sneak_time":1457,"minecraft:walk_under_water_one_cm":2652,"minecraft:jump":352,"minecraft:interact_with_brewingstand":1,"minecraft:walk_on_water_one_cm":22771,"minecraft:total_world_time":36393,"minecraft:fall_one_cm":9059},"minecraft:picked_up":{"luminousworld:groundpebbles_1":1,"minecraft:crafting_table":1,"minecraft:wheat":91,"minecraft:oak_log":5,"minecraft:string":2,"minecraft:dirt":6,"minecraft:lantern":1,"minecraft:stone_bricks":2,"minecraft:wheat_seeds":242,"quark:black_shard":1,"minecraft:coal_block":8,"minecraft:egg":1,"minecraft:stick":22,"minecraft:beehive":1,"minecraft:raw_iron":6,"minecraft:pumpkin":4,"minecraft:white_bed":2,"minecraft:bundle":1,"minecraft:rotten_flesh":4,"luminousworld:yellow_grassflowers":1,"minecraft:peony":3,"minecraft:chainmail_helmet":1,"minecraft:gold_ingot":1,"tombstone:magic_scroll":1,"minecraft:oak_sapling":2,"minecraft:coal":12,"undead_revamp2:arapholia":2,"minecraft:skeleton_skull":5,"minecraft:cobblestone":17}},"DataVersion":3465}