{"stats":{"minecraft:killed":{"undead_revamp2:theimmortal":1,"minecraft:salmon":1},"minecraft:custom":{"minecraft:time_since_rest":3902,"minecraft:sprint_one_cm":47489,"minecraft:damage_taken":476,"minecraft:walk_one_cm":71908,"minecraft:mob_kills":2,"minecraft:drop":3,"minecraft:damage_dealt":524,"minecraft:swim_one_cm":5127,"minecraft:interact_with_crafting_table":3,"minecraft:fly_one_cm":63341,"minecraft:crouch_one_cm":1726,"minecraft:play_time":21922,"tombstone:undead_killed":1,"minecraft:deaths":1,"minecraft:bell_ring":1,"minecraft:sneak_time":498,"minecraft:walk_under_water_one_cm":2652,"minecraft:jump":245,"minecraft:interact_with_brewingstand":1,"minecraft:walk_on_water_one_cm":22735,"minecraft:time_since_death":14568,"minecraft:sleep_in_bed":2,"minecraft:climb_one_cm":1380,"minecraft:total_world_time":21922,"minecraft:fall_one_cm":7605},"minecraft:mined":{"undead_revamp2:arapholia":1,"minecraft:skeleton_skull":3,"minecraft:white_bed":2,"luminousworld:yellow_grassflowers":1,"placeablesmod:stick_block_2":1,"minecraft:pumpkin":3,"minecraft:crafting_table":1,"minecraft:grass":4,"supplementaries:stick":10,"minecraft:oak_log":5,"placeablesmod:stick_block":2,"luminousworld:groundpebbles_3":1},"minecraft:killed_by":{"born_in_chaos_v1:corpse_fly":1},"minecraft:dropped":{"minecraft:wheat_seeds":1,"minecraft:skeleton_skull":1,"minecraft:pumpkin":1},"minecraft:picked_up":{"luminousworld:groundpebbles_1":1,"minecraft:stick":22,"minecraft:crafting_table":1,"minecraft:pumpkin":4,"minecraft:oak_log":5,"minecraft:white_bed":2,"minecraft:bundle":1,"minecraft:rotten_flesh":4,"luminousworld:yellow_grassflowers":1,"minecraft:wheat_seeds":1,"minecraft:chainmail_helmet":1,"tombstone:magic_scroll":1,"minecraft:oak_sapling":2,"undead_revamp2:arapholia":2,"minecraft:skeleton_skull":5,"minecraft:egg":1},"minecraft:crafted":{"minecraft:oak_planks":20,"minecraft:crafting_table":1,"minecraft:stick":4,"minecraft:wooden_pickaxe":1,"minecraft:wooden_axe":1},"minecraft:used":{"minecraft:wooden_axe":15,"minecraft:bundle":1,"minecraft:wooden_pickaxe":1,"minecraft:chainmail_helmet":1,"luminousworld:groundpebbles_1":1,"luminousworld:yellow_grassflowers":1,"minecraft:rotten_flesh":4,"minecraft:stick":14,"minecraft:crafting_table":1,"minecraft:white_bed":2,"minecraft:skeleton_skull":3,"alexsmobs:animal_dictionary":1,"undead_revamp2:arapholia":2,"minecraft:egg":1}},"DataVersion":3465}