{"stats":{"minecraft:mined":{"undead_revamp2:arapholia":1,"luminousworld:groundpebbles_1":1,"minecraft:white_bed":2,"luminousworld:yellowpetunias":1,"minecraft:oak_fence":1,"minecraft:crafting_table":1,"minecraft:emerald_ore":1,"minecraft:grass_block":1,"placeablesmod:stick_block":2,"minecraft:coal_block":8,"minecraft:tall_grass":3,"minecraft:oak_planks":1,"luminousworld:groundpebbles_3":1,"minecraft:skeleton_skull":3,"luminousworld:whiteoaklog":2,"luminousworld:yellow_grassflowers":1,"placeablesmod:stick_block_2":1,"minecraft:beehive":1,"minecraft:iron_ore":33,"minecraft:wheat":92,"minecraft:pumpkin":3,"minecraft:peony":10,"minecraft:grass":5,"minecraft:oak_log":5,"supplementaries:stick":10,"minecraft:coal_ore":23,"minecraft:dirt_path":1,"minecraft:dirt":5,"minecraft:cobweb":15,"minecraft:stone":18,"minecraft:infested_stone":1},"minecraft:used":{"minecraft:wheat_seeds":91,"minecraft:stone_sword":33,"minecraft:bundle":1,"minecraft:stone_pickaxe":63,"minecraft:oak_planks":1,"minecraft:wooden_pickaxe":24,"minecraft:chainmail_helmet":1,"luminousworld:groundpebbles_1":2,"luminousworld:yellow_grassflowers":1,"minecraft:rotten_flesh":4,"luminousworld:yellowpetunias":1,"minecraft:iron_chestplate":1,"minecraft:stick":14,"minecraft:dirt":6,"minecraft:crafting_table":3,"minecraft:white_bed":2,"minecraft:wooden_axe":29,"minecraft:lantern":1,"minecraft:bread":8,"minecraft:iron_pickaxe":1,"minecraft:cobblestone":1,"minecraft:furnace":1,"alexsmobs:animal_dictionary":1,"tombstone:gift":1,"undead_revamp2:arapholia":2,"minecraft:egg":1,"minecraft:skeleton_skull":3},"minecraft:killed_by":{"minecraft:zombie":2,"born_in_chaos_v1:corpse_fly":1,"born_in_chaos_v1:skeleton_demoman":1},"minecraft:dropped":{"minecraft:wheat_seeds":1,"minecraft:skeleton_skull":1,"minecraft:pumpkin":1},"minecraft:crafted":{"minecraft:oak_planks":20,"minecraft:crafting_table":2,"minecraft:wooden_pickaxe":1,"minecraft:furnace":1,"minecraft:bread":29,"minecraft:air":0,"minecraft:iron_boots":1,"minecraft:shield":1,"luminousworld:white_oak_plank":8,"minecraft:stick":12,"minecraft:iron_ingot":30,"minecraft:iron_pickaxe":1,"minecraft:stone_pickaxe":1,"minecraft:wooden_axe":1,"minecraft:stone_sword":1,"minecraft:iron_leggings":1},"minecraft:broken":{"minecraft:wooden_axe":1},"minecraft:killed":{"undead_revamp2:theimmortal":1,"minecraft:salmon":1,"minecraft:spider":1,"enemyexpansion:sprinter":1,"minecraft:silverfish":5},"minecraft:custom":{"minecraft:interact_with_furnace":10,"minecraft:mob_kills":9,"minecraft:animals_bred":1,"minecraft:interact_with_crafting_table":20,"minecraft:bell_ring":2,"minecraft:damage_dealt_resisted":30,"minecraft:leave_game":3,"minecraft:time_since_death":22337,"minecraft:sleep_in_bed":5,"minecraft:climb_one_cm":2978,"minecraft:time_since_rest":2370,"minecraft:sprint_one_cm":121098,"minecraft:damage_taken":1415,"minecraft:walk_one_cm":269064,"minecraft:drop":3,"minecraft:damage_dealt":1371,"minecraft:damage_dealt_absorbed":32,"minecraft:swim_one_cm":5127,"minecraft:fly_one_cm":116766,"minecraft:crouch_one_cm":6068,"minecraft:play_time":60393,"tombstone:undead_killed":2,"minecraft:deaths":4,"minecraft:sneak_time":1916,"minecraft:walk_under_water_one_cm":2652,"minecraft:jump":506,"minecraft:interact_with_brewingstand":1,"minecraft:walk_on_water_one_cm":22771,"minecraft:total_world_time":60393,"minecraft:fall_one_cm":12790},"minecraft:picked_up":{"luminousworld:groundpebbles_1":2,"minecraft:crafting_table":1,"minecraft:wheat":91,"minecraft:oak_log":5,"minecraft:string":15,"minecraft:dirt":7,"minecraft:lantern":1,"minecraft:experience_bottle":1,"minecraft:stone_bricks":2,"minecraft:wheat_seeds":243,"quark:black_shard":1,"minecraft:coal_block":8,"minecraft:oak_planks":1,"minecraft:egg":1,"minecraft:stick":22,"minecraft:beehive":1,"minecraft:raw_iron":30,"minecraft:pumpkin":4,"minecraft:white_bed":2,"luminousworld:whiteoaklog":2,"minecraft:bundle":1,"minecraft:rotten_flesh":4,"luminousworld:yellow_grassflowers":1,"minecraft:peony":3,"luminousworld:yellowpetunias":1,"minecraft:emerald":1,"minecraft:chainmail_helmet":1,"minecraft:gold_ingot":1,"tombstone:magic_scroll":1,"minecraft:oak_sapling":2,"minecraft:coal":22,"undead_revamp2:arapholia":2,"minecraft:skeleton_skull":5,"minecraft:cobblestone":18}},"DataVersion":3465}