{"stats":{"minecraft:killed":{"undead_revamp2:theimmortal":1,"minecraft:salmon":1},"minecraft:custom":{"minecraft:time_since_rest":7841,"minecraft:sprint_one_cm":26548,"minecraft:damage_taken":446,"minecraft:walk_one_cm":45486,"minecraft:mob_kills":2,"minecraft:drop":2,"minecraft:damage_dealt":524,"minecraft:swim_one_cm":2452,"minecraft:interact_with_crafting_table":3,"minecraft:fly_one_cm":30474,"minecraft:crouch_one_cm":600,"minecraft:play_time":15922,"tombstone:undead_killed":1,"minecraft:deaths":1,"minecraft:sneak_time":308,"minecraft:walk_under_water_one_cm":2597,"minecraft:jump":126,"minecraft:walk_on_water_one_cm":22376,"minecraft:time_since_death":8568,"minecraft:sleep_in_bed":1,"minecraft:total_world_time":15922,"minecraft:fall_one_cm":3344},"minecraft:mined":{"undead_revamp2:arapholia":1,"minecraft:skeleton_skull":2,"minecraft:white_bed":1,"placeablesmod:stick_block_2":1,"minecraft:crafting_table":1,"minecraft:grass":4,"supplementaries:stick":8,"minecraft:oak_log":5,"placeablesmod:stick_block":2},"minecraft:killed_by":{"born_in_chaos_v1:corpse_fly":1},"minecraft:dropped":{"minecraft:wheat_seeds":1,"minecraft:skeleton_skull":1},"minecraft:picked_up":{"minecraft:stick":19,"minecraft:crafting_table":1,"minecraft:oak_log":5,"minecraft:white_bed":1,"minecraft:bundle":1,"minecraft:rotten_flesh":4,"minecraft:wheat_seeds":1,"minecraft:chainmail_helmet":1,"tombstone:magic_scroll":1,"minecraft:oak_sapling":2,"undead_revamp2:arapholia":2,"minecraft:skeleton_skull":4,"minecraft:egg":1},"minecraft:crafted":{"minecraft:oak_planks":20,"minecraft:crafting_table":1,"minecraft:stick":4,"minecraft:wooden_pickaxe":1,"minecraft:wooden_axe":1},"minecraft:used":{"minecraft:wooden_axe":12,"minecraft:bundle":1,"minecraft:wooden_pickaxe":1,"minecraft:chainmail_helmet":1,"minecraft:rotten_flesh":4,"minecraft:stick":14,"minecraft:crafting_table":1,"minecraft:skeleton_skull":3,"alexsmobs:animal_dictionary":1,"undead_revamp2:arapholia":2,"minecraft:egg":1}},"DataVersion":3465}