{"stats":{"minecraft:custom":{"minecraft:time_since_rest":0,"minecraft:play_time":3922,"minecraft:sprint_one_cm":11587,"minecraft:damage_taken":85,"minecraft:walk_one_cm":8374,"minecraft:sneak_time":4,"minecraft:walk_under_water_one_cm":653,"minecraft:jump":60,"minecraft:time_since_death":3922,"minecraft:walk_on_water_one_cm":4058,"minecraft:sleep_in_bed":1,"minecraft:total_world_time":3922,"minecraft:swim_one_cm":2452,"minecraft:interact_with_crafting_table":2,"minecraft:fall_one_cm":3135,"minecraft:fly_one_cm":17925},"minecraft:mined":{"minecraft:oak_log":5},"minecraft:picked_up":{"minecraft:oak_log":5,"minecraft:egg":1},"minecraft:crafted":{"minecraft:oak_planks":20,"minecraft:crafting_table":1,"minecraft:stick":4,"minecraft:wooden_pickaxe":1},"minecraft:used":{"minecraft:crafting_table":1,"alexsmobs:animal_dictionary":1,"minecraft:egg":1}},"DataVersion":3465}