{"stats":{"minecraft:mined":{"undead_revamp2:arapholia":2,"luminousworld:groundpebbles_1":2,"minecraft:white_bed":2,"luminousworld:yellowpetunias":2,"iceandfire:silver_ore":1,"minecraft:grass_block":6,"luminousworld:grassvariant_2":4,"minecraft:coal_block":8,"luminousworld:white_oak_plank":1,"luminousworld:groundpebbles_3":1,"luminousworld:yellow_grassflowers":1,"minecraft:iron_ore":75,"minecraft:pumpkin":3,"minecraft:peony":40,"minecraft:dirt_path":13,"supplementaries:stick":10,"minecraft:stone":29,"minecraft:oak_fence":1,"minecraft:crafting_table":2,"minecraft:emerald_ore":1,"placeablesmod:stick_block":2,"minecraft:cobblestone":3,"minecraft:tall_grass":25,"minecraft:oak_planks":2,"minecraft:skeleton_skull":3,"luminousworld:whiteoaklog":7,"placeablesmod:stick_block_2":1,"minecraft:beehive":1,"minecraft:birch_log":7,"minecraft:wheat":181,"minecraft:grass":10,"minecraft:coal_ore":224,"minecraft:oak_log":7,"minecraft:dirt":6,"luminousworld:grassvariant_3":2,"minecraft:cobweb":22,"minecraft:infested_stone":1},"minecraft:used":{"minecraft:peony":1,"quark:birch_chest":1,"minecraft:stone_sword":160,"minecraft:shield":23,"minecraft:rotten_flesh":4,"minecraft:iron_chestplate":1,"minecraft:stick":14,"minecraft:dirt":23,"luminousworld:grassflowers":1,"minecraft:iron_hoe":75,"minecraft:wooden_axe":29,"minecraft:lava_bucket":3,"minecraft:lantern":1,"minecraft:birch_sapling":2,"minecraft:furnace":1,"tombstone:gift":1,"minecraft:skeleton_skull":3,"undead_revamp2:arapholia":3,"minecraft:egg":1,"minecraft:wheat_seeds":171,"minecraft:bundle":1,"minecraft:stone_pickaxe":126,"minecraft:oak_planks":2,"minecraft:wooden_pickaxe":58,"luminousworld:white_oak_plank":2,"minecraft:chainmail_helmet":1,"luminousworld:groundpebbles_1":2,"luminousworld:yellow_grassflowers":1,"luminousworld:yellowpetunias":1,"minecraft:crafting_table":4,"minecraft:white_bed":2,"minecraft:bread":23,"minecraft:iron_pickaxe":171,"minecraft:cobblestone":11,"minecraft:bucket":3,"alexsmobs:animal_dictionary":1},"minecraft:killed_by":{"born_in_chaos_v1:nightmare_stalker":1,"born_in_chaos_v1:corpse_fly":1,"minecraft:zombie":2,"born_in_chaos_v1:skeleton_demoman":1},"minecraft:dropped":{"minecraft:wheat_seeds":50,"luminousworld:yellowpetunias":1,"minecraft:pumpkin":1,"minecraft:shears":1,"minecraft:peony":26,"minecraft:skeleton_skull":1},"minecraft:crafted":{"minecraft:oak_planks":28,"aether:iron_ring":2,"quark:birch_chest":1,"minecraft:furnace":1,"minecraft:iron_boots":1,"minecraft:iron_axe":1,"luminousworld:white_oak_plank":28,"minecraft:iron_hoe":1,"minecraft:stone_pickaxe":1,"aether:iron_pendant":1,"minecraft:crafting_table":2,"minecraft:wooden_pickaxe":1,"minecraft:iron_sword":1,"minecraft:bucket":1,"iceandfire:earplugs":1,"minecraft:birch_planks":28,"minecraft:bread":57,"minecraft:air":0,"aether:iron_gloves":2,"minecraft:shield":1,"minecraft:stick":16,"minecraft:iron_ingot":72,"minecraft:iron_pickaxe":1,"minecraft:wooden_axe":1,"minecraft:stone_sword":1,"minecraft:iron_leggings":1,"minecraft:shears":1},"minecraft:broken":{"minecraft:wooden_pickaxe":1,"minecraft:stone_pickaxe":1,"minecraft:wooden_axe":1},"minecraft:killed":{"undead_revamp2:theimmortal":1,"minecraft:spider":3,"minecraft:skeleton":3,"minecraft:silverfish":5,"minecraft:drowned":1,"born_in_chaos_v1:barrel_zombie":1,"minecraft:salmon":1,"undead_revamp2:the_moonflower":1,"enemyexpansion:sprinter":1},"minecraft:custom":{"minecraft:mob_kills":17,"minecraft:animals_bred":1,"minecraft:interact_with_crafting_table":38,"minecraft:bell_ring":2,"minecraft:damage_dealt_resisted":30,"minecraft:leave_game":6,"minecraft:time_since_death":94471,"minecraft:climb_one_cm":2978,"minecraft:sprint_one_cm":235703,"minecraft:walk_one_cm":496608,"minecraft:damage_blocked_by_shield":520,"minecraft:drop":8,"minecraft:damage_dealt_absorbed":32,"minecraft:play_time":184876,"minecraft:deaths":5,"minecraft:sneak_time":3908,"minecraft:walk_under_water_one_cm":3119,"minecraft:jump":990,"minecraft:interact_with_brewingstand":1,"minecraft:walk_on_water_one_cm":24290,"minecraft:total_world_time":184876,"minecraft:interact_with_furnace":17,"minecraft:sleep_in_bed":7,"minecraft:time_since_rest":6331,"minecraft:damage_taken":2250,"minecraft:damage_dealt":4819,"minecraft:swim_one_cm":7936,"minecraft:fly_one_cm":205304,"minecraft:open_chest":3,"minecraft:crouch_one_cm":10628,"tombstone:undead_killed":8,"minecraft:fall_one_cm":21423},"minecraft:picked_up":{"luminousworld:groundpebbles_1":3,"minecraft:crafting_table":2,"minecraft:wheat":174,"minecraft:string":25,"minecraft:experience_bottle":1,"quark:black_shard":1,"minecraft:coal_block":8,"luminousworld:white_oak_plank":1,"minecraft:birch_sapling":2,"minecraft:egg":1,"minecraft:raw_iron":72,"minecraft:stick":24,"minecraft:beehive":1,"luminousworld:grassflowers":1,"minecraft:arrow":4,"minecraft:rotten_flesh":8,"luminousworld:yellow_grassflowers":1,"minecraft:peony":31,"minecraft:shears":1,"born_in_chaos_v1:spiny_shell":1,"minecraft:gold_ingot":1,"supplementaries:ash":1,"undead_revamp2:arapholia":4,"minecraft:skeleton_skull":5,"minecraft:cobblestone":32,"minecraft:birch_log":7,"minecraft:oak_log":7,"minecraft:lapis_lazuli":1,"minecraft:dirt":24,"minecraft:lantern":1,"minecraft:bone":5,"minecraft:stone_bricks":2,"minecraft:bow":1,"minecraft:wheat_seeds":513,"minecraft:oak_planks":2,"minecraft:pumpkin":4,"minecraft:white_bed":2,"luminousworld:whiteoaklog":7,"minecraft:bundle":1,"luminousworld:yellowpetunias":2,"minecraft:iron_helmet":1,"minecraft:chainmail_helmet":1,"minecraft:emerald":1,"born_in_chaos_v1:rotten_fish":1,"tombstone:magic_scroll":1,"minecraft:oak_sapling":2,"minecraft:coal":220,"iceandfire:raw_silver":1}},"DataVersion":3465}