{"stats":{"minecraft:mined":{"luminousworld:whiteoaklog":14,"minecraft:birch_log":2,"minecraft:coal_ore":2,"minecraft:oak_log":23,"luminousworld:auburnlog":7,"luminousworld:whiteoakleaves":3,"minecraft:stone":46,"minecraft:oak_leaves":2},"minecraft:used":{"minecraft:wooden_axe":18,"earthmobsmod:duck_egg":3,"luminousworld:whiteoaklog":2,"minecraft:stone_pickaxe":29,"minecraft:oak_planks":12,"minecraft:wooden_pickaxe":19,"minecraft:stone_axe":18,"minecraft:crafting_table":1,"tombstone:gift":1,"minecraft:egg":1},"minecraft:killed_by":{"undead_revamp2:the_moonflower":1,"mutantmonsters:mutant_skeleton":1},"minecraft:dropped":{"tombstone:grave_key":2},"minecraft:crafted":{"minecraft:oak_planks":48,"minecraft:crafting_table":1,"minecraft:stick":8,"minecraft:wooden_pickaxe":1,"minecraft:stone_pickaxe":1,"minecraft:wooden_axe":1,"minecraft:stone_axe":1},"minecraft:custom":{"minecraft:time_since_rest":6181,"minecraft:sprint_one_cm":53038,"minecraft:damage_taken":995,"minecraft:walk_one_cm":89073,"minecraft:drop":2,"minecraft:damage_dealt":20,"minecraft:interact_with_crafting_table":3,"minecraft:fly_one_cm":72730,"minecraft:crouch_one_cm":1156,"minecraft:play_time":16168,"minecraft:deaths":4,"minecraft:sneak_time":221,"minecraft:boat_one_cm":28126,"minecraft:jump":344,"minecraft:walk_on_water_one_cm":2569,"minecraft:time_since_death":7383,"minecraft:total_world_time":16168,"minecraft:fall_one_cm":6302},"minecraft:picked_up":{"minecraft:birch_log":1,"luminousworld:groundpebbles_1":2,"minecraft:stick":2,"luminousworld:auburnlog":7,"minecraft:oak_log":23,"luminousworld:whiteoaklog":14,"luminousworld:white_oak_sapling":1,"minecraft:arrow":1,"minecraft:bone":1,"minecraft:apple":1,"earthmobsmod:duck_egg":3,"minecraft:coal":2,"minecraft:cobblestone":46,"minecraft:egg":3}},"DataVersion":3465}