{"stats":{"minecraft:mined":{"luminousworld:white_petunias":4,"luminousworld:groundpebbles_1":1,"minecraft:white_bed":2,"quark:yellow_blossom_leaves":160,"minecraft:mossy_cobblestone":41,"luminousworld:grassvariant_4":3,"luminousworld:autumnleaves":2,"minecraft:grass_block":30,"quark:stripped_blossom_log":11,"luminousworld:grassvariant_2":1,"luminousworld:whiteoakleaves":6,"luminousworld:white_oak_plank":9,"minecraft:carrots":2,"luminousworld:white_oak_door":1,"minecraft:peony":42,"minecraft:vine":1,"minecraft:lantern":4,"quark:mossy_cobblestone_bricks":8,"minecraft:stone":147,"supplementaries:book_pile":3,"minecraft:crafting_table":2,"quark:cobblestone_bricks":12,"quark:blossom_log":107,"luminousworld:auburnlog":21,"minecraft:tall_grass":4,"minecraft:cobblestone":24,"minecraft:oak_planks":43,"luminousworld:whiteoaklog":38,"minecraft:birch_log":34,"minecraft:beehive":1,"minecraft:wheat":23,"minecraft:lilac":9,"minecraft:birch_leaves":27,"minecraft:grass":3,"minecraft:oak_log":50,"minecraft:coal_ore":6,"minecraft:dirt":47,"luminousworld:grassvariant_3":3,"minecraft:oak_leaves":14},"minecraft:used":{"minecraft:peony":13,"luminousworld:whiteoaklog":3,"minecraft:stone_shovel":41,"minecraft:poppy":1,"minecraft:stone_hoe":42,"minecraft:rotten_flesh":4,"quark:mossy_cobblestone_bricks":9,"minecraft:torch":2,"minecraft:dirt":70,"quark:yellow_blossom_sapling":2,"minecraft:carrot":9,"minecraft:wooden_axe":55,"minecraft:lantern":3,"luminousworld:white_oak_sapling":1,"minecraft:birch_sapling":7,"minecraft:barrel":3,"minecraft:oak_sapling":4,"minecraft:furnace":1,"tombstone:gift":5,"minecraft:egg":2,"quark:blossom_log":5,"minecraft:wheat_seeds":61,"quark:cobblestone_bricks":83,"minecraft:stone_pickaxe":187,"quark:stripped_blossom_log":5,"minecraft:oak_planks":101,"minecraft:wooden_pickaxe":59,"luminousworld:white_oak_plank":82,"luminousworld:groundpebbles_1":3,"minecraft:mossy_cobblestone":10,"minecraft:crafting_table":3,"minecraft:white_bed":2,"earthmobsmod:duck_egg":3,"minecraft:apple":1,"minecraft:bread":8,"minecraft:stone_axe":349,"luminousworld:white_oak_door":2,"luminousworld:auburn_sapling":3,"minecraft:enchanted_book":4,"minecraft:cobblestone":24,"minecraft:oak_boat":2,"minecraft:experience_bottle":1},"minecraft:killed_by":{"undead_revamp2:the_moonflower":1,"born_in_chaos_v1:corpse_fly":2,"mutantmonsters:mutant_skeleton":1,"minecraft:skeleton":1,"enemyexpansion:wasp":1,"iceandfire:ghost":1,"born_in_chaos_v1:maggot":1},"minecraft:dropped":{"minecraft:dirt":5,"tombstone:grave_key":2,"minecraft:rotten_flesh":4,"minecraft:oak_sign":1,"born_in_chaos_v1:corpse_maggot":5},"minecraft:crafted":{"minecraft:oak_planks":180,"minecraft:stone_shovel":1,"minecraft:barrel":3,"minecraft:furnace":1,"quark:mossy_cobblestone_bricks":28,"luminousworld:white_oak_plank":80,"quark:cobblestone_bricks":88,"minecraft:stone_pickaxe":2,"luminousworld:white_oak_door":3,"minecraft:stone_hoe":1,"minecraft:oak_slab":6,"quark:blossom_planks":8,"minecraft:crafting_table":1,"minecraft:wooden_pickaxe":1,"minecraft:stone_axe":5,"quark:blossom_boat":1,"minecraft:bread":19,"minecraft:oak_boat":1,"minecraft:charcoal":3,"minecraft:stick":16,"minecraft:wooden_axe":1,"minecraft:torch":8},"minecraft:broken":{"minecraft:wooden_pickaxe":1,"minecraft:stone_pickaxe":1,"minecraft:stone_axe":3,"minecraft:wooden_axe":1},"minecraft:killed":{"undead_revamp2:thehunter":1,"undead_revamp2:thesmoker":1,"undead_revamp2:bomber":1,"enemyexpansion:direwolf":1,"born_in_chaos_v1:maggot":4,"minecraft:skeleton":1,"enemyexpansion:goblin":2,"undead_revamp2:the_moonflower":1,"earthmobsmod:lobber_zombie":2,"born_in_chaos_v1:decrepit_skeleton":1,"enemyexpansion:meature":1,"born_in_chaos_v1:corpse_fly":2,"enemyexpansion:botfly":1,"enemyexpansion:wasp":1,"minecraft:enderman":1,"enemyexpansion:slugger":1},"minecraft:custom":{"minecraft:mob_kills":22,"minecraft:interact_with_crafting_table":35,"minecraft:open_barrel":18,"minecraft:time_since_death":12542,"minecraft:leave_game":2,"minecraft:climb_one_cm":841,"minecraft:sprint_one_cm":146009,"minecraft:walk_one_cm":812778,"minecraft:drop":13,"minecraft:damage_dealt_absorbed":120,"minecraft:play_time":172730,"minecraft:deaths":10,"minecraft:sneak_time":8875,"minecraft:walk_under_water_one_cm":3023,"minecraft:boat_one_cm":140896,"minecraft:jump":1523,"minecraft:walk_on_water_one_cm":14821,"minecraft:total_world_time":172730,"minecraft:interact_with_furnace":6,"minecraft:sleep_in_bed":2,"minecraft:time_since_rest":6331,"minecraft:damage_taken":3235,"minecraft:trigger_trapped_chest":1,"minecraft:damage_dealt":4824,"minecraft:swim_one_cm":8831,"minecraft:fly_one_cm":160613,"minecraft:open_chest":2,"minecraft:crouch_one_cm":27647,"tombstone:undead_killed":10,"minecraft:fall_one_cm":18760},"minecraft:picked_up":{"luminousworld:groundpebbles_1":3,"minecraft:crafting_table":2,"minecraft:wheat":22,"minecraft:enchanted_book":5,"minecraft:experience_bottle":1,"luminousworld:white_oak_door":1,"minecraft:oak_sign":2,"earthmobsmod:duck_egg":4,"minecraft:oak_boat":1,"minecraft:poppy":1,"quark:yellow_blossom_sapling":4,"minecraft:birch_sapling":7,"luminousworld:white_oak_plank":8,"quark:mossy_cobblestone_bricks":8,"minecraft:egg":3,"minecraft:stick":15,"luminousworld:auburnlog":21,"luminousworld:savannah_soil":29,"quark:blossom_log":96,"tombstone:grave_dust":4,"minecraft:carrot":8,"luminousworld:white_oak_sapling":1,"minecraft:arrow":3,"minecraft:rotten_flesh":16,"minecraft:peony":39,"quark:stripped_blossom_log":17,"minecraft:cobblestone":190,"minecraft:birch_log":34,"born_in_chaos_v1:corpse_maggot":5,"luminousworld:savannah_ground":25,"minecraft:lilac":9,"minecraft:oak_log":45,"minecraft:dirt":76,"minecraft:lantern":5,"tombstone:gift":2,"minecraft:bone":8,"minecraft:apple":1,"minecraft:wheat_seeds":57,"minecraft:iron_ingot":1,"luminousworld:white_petunias":4,"minecraft:oak_planks":43,"minecraft:white_bed":2,"minecraft:grass_block":1,"minecraft:mossy_cobblestone":41,"luminousworld:whiteoaklog":32,"quark:cobblestone_bricks":23,"luminousworld:auburn_sapling":3,"minecraft:bread":1,"minecraft:oak_sapling":5,"minecraft:coal":6}},"DataVersion":3465}