{"stats":{"minecraft:mined":{"luminousworld:white_petunias":4,"quark:yellow_blossom_leaves":29,"minecraft:mossy_cobblestone":35,"luminousworld:grassvariant_4":2,"luminousworld:autumnleaves":1,"minecraft:crafting_table":2,"minecraft:grass_block":29,"quark:stripped_blossom_log":6,"quark:blossom_log":67,"luminousworld:auburnlog":21,"luminousworld:grassvariant_2":1,"luminousworld:whiteoakleaves":3,"minecraft:tall_grass":1,"minecraft:oak_planks":12,"luminousworld:whiteoaklog":36,"luminousworld:white_oak_door":1,"minecraft:birch_log":21,"minecraft:peony":16,"minecraft:grass":3,"minecraft:coal_ore":2,"minecraft:oak_log":44,"minecraft:vine":1,"minecraft:lantern":2,"minecraft:dirt":25,"luminousworld:grassvariant_3":2,"minecraft:stone":59,"minecraft:oak_leaves":2},"minecraft:used":{"minecraft:wheat_seeds":31,"luminousworld:whiteoaklog":2,"minecraft:stone_shovel":27,"minecraft:stone_pickaxe":80,"minecraft:oak_planks":70,"minecraft:wooden_pickaxe":19,"luminousworld:white_oak_plank":30,"luminousworld:groundpebbles_1":2,"minecraft:stone_hoe":36,"minecraft:rotten_flesh":2,"minecraft:torch":2,"minecraft:mossy_cobblestone":4,"minecraft:dirt":44,"quark:yellow_blossom_sapling":2,"minecraft:crafting_table":3,"minecraft:carrot":4,"minecraft:wooden_axe":28,"earthmobsmod:duck_egg":3,"minecraft:apple":1,"minecraft:bread":2,"minecraft:lantern":2,"luminousworld:white_oak_sapling":1,"minecraft:birch_sapling":3,"minecraft:barrel":3,"minecraft:stone_axe":215,"luminousworld:white_oak_door":2,"minecraft:cobblestone":24,"minecraft:furnace":1,"minecraft:oak_sapling":1,"tombstone:gift":1,"minecraft:oak_boat":2,"minecraft:egg":1},"minecraft:killed_by":{"undead_revamp2:the_moonflower":1,"mutantmonsters:mutant_skeleton":1,"born_in_chaos_v1:corpse_fly":1,"iceandfire:ghost":1},"minecraft:dropped":{"tombstone:grave_key":2},"minecraft:crafted":{"minecraft:oak_slab":6,"minecraft:oak_planks":156,"minecraft:stone_shovel":1,"minecraft:barrel":3,"minecraft:crafting_table":1,"minecraft:wooden_pickaxe":1,"minecraft:furnace":1,"minecraft:stone_axe":3,"minecraft:bread":11,"minecraft:oak_boat":1,"luminousworld:white_oak_plank":48,"minecraft:stick":12,"luminousworld:white_oak_door":3,"minecraft:stone_pickaxe":1,"minecraft:wooden_axe":1,"minecraft:torch":8,"minecraft:stone_hoe":1},"minecraft:killed":{"undead_revamp2:bomber":1,"enemyexpansion:direwolf":1,"born_in_chaos_v1:decrepit_skeleton":1,"enemyexpansion:meature":1,"born_in_chaos_v1:corpse_fly":2,"enemyexpansion:botfly":1,"minecraft:enderman":1},"minecraft:broken":{"minecraft:stone_axe":1},"minecraft:custom":{"minecraft:interact_with_furnace":5,"minecraft:mob_kills":8,"minecraft:interact_with_crafting_table":15,"minecraft:open_barrel":1,"minecraft:leave_game":1,"minecraft:time_since_death":57777,"minecraft:climb_one_cm":817,"minecraft:time_since_rest":57126,"minecraft:sprint_one_cm":118179,"minecraft:walk_one_cm":370611,"minecraft:damage_taken":1805,"minecraft:trigger_trapped_chest":1,"minecraft:drop":2,"minecraft:damage_dealt":1975,"minecraft:swim_one_cm":2296,"minecraft:fly_one_cm":128073,"minecraft:open_chest":2,"minecraft:crouch_one_cm":8720,"minecraft:play_time":88126,"tombstone:undead_killed":3,"minecraft:deaths":6,"minecraft:sneak_time":3088,"minecraft:walk_under_water_one_cm":1190,"minecraft:boat_one_cm":140896,"minecraft:jump":880,"minecraft:walk_on_water_one_cm":12807,"minecraft:total_world_time":88126,"minecraft:fall_one_cm":12832},"minecraft:picked_up":{"minecraft:birch_log":21,"born_in_chaos_v1:corpse_maggot":1,"luminousworld:groundpebbles_1":2,"minecraft:crafting_table":2,"luminousworld:savannah_ground":25,"minecraft:oak_log":39,"minecraft:dirt":53,"minecraft:lantern":2,"minecraft:bone":3,"luminousworld:white_oak_door":1,"minecraft:apple":1,"minecraft:wheat_seeds":1,"earthmobsmod:duck_egg":4,"minecraft:oak_boat":1,"minecraft:poppy":1,"quark:yellow_blossom_sapling":2,"luminousworld:white_petunias":4,"minecraft:birch_sapling":4,"minecraft:oak_planks":12,"minecraft:egg":3,"minecraft:stick":9,"luminousworld:auburnlog":21,"luminousworld:savannah_soil":29,"quark:blossom_log":57,"minecraft:grass_block":1,"minecraft:carrot":4,"minecraft:mossy_cobblestone":35,"luminousworld:whiteoaklog":30,"luminousworld:white_oak_sapling":1,"minecraft:arrow":1,"minecraft:rotten_flesh":6,"minecraft:peony":16,"luminousworld:auburn_sapling":2,"quark:stripped_blossom_log":6,"minecraft:oak_sapling":3,"minecraft:coal":2,"minecraft:cobblestone":58}},"DataVersion":3465}