{"stats":{"minecraft:mined":{"luminousworld:white_petunias":4,"quark:yellow_blossom_leaves":112,"minecraft:mossy_cobblestone":41,"luminousworld:grassvariant_4":2,"luminousworld:autumnleaves":2,"minecraft:crafting_table":2,"minecraft:grass_block":29,"quark:stripped_blossom_log":11,"quark:blossom_log":94,"luminousworld:auburnlog":21,"luminousworld:grassvariant_2":1,"luminousworld:whiteoakleaves":6,"minecraft:cobblestone":24,"minecraft:tall_grass":1,"luminousworld:white_oak_plank":2,"minecraft:oak_planks":16,"luminousworld:whiteoaklog":38,"luminousworld:white_oak_door":1,"minecraft:birch_log":28,"minecraft:peony":16,"minecraft:grass":3,"minecraft:coal_ore":6,"minecraft:oak_log":44,"minecraft:vine":1,"minecraft:lantern":2,"minecraft:dirt":39,"luminousworld:grassvariant_3":2,"quark:mossy_cobblestone_bricks":5,"minecraft:stone":112,"minecraft:oak_leaves":7},"minecraft:used":{"quark:blossom_log":5,"minecraft:wheat_seeds":31,"luminousworld:whiteoaklog":3,"quark:cobblestone_bricks":25,"quark:stripped_blossom_log":5,"minecraft:stone_shovel":41,"minecraft:stone_pickaxe":132,"minecraft:oak_planks":70,"minecraft:wooden_pickaxe":59,"luminousworld:white_oak_plank":30,"luminousworld:groundpebbles_1":2,"minecraft:stone_hoe":36,"quark:mossy_cobblestone_bricks":5,"minecraft:rotten_flesh":2,"minecraft:torch":2,"minecraft:mossy_cobblestone":10,"minecraft:dirt":56,"quark:yellow_blossom_sapling":2,"minecraft:crafting_table":3,"minecraft:carrot":4,"minecraft:wooden_axe":55,"earthmobsmod:duck_egg":3,"minecraft:apple":1,"minecraft:bread":4,"minecraft:lantern":2,"luminousworld:white_oak_sapling":1,"minecraft:birch_sapling":3,"minecraft:barrel":3,"luminousworld:auburn_sapling":2,"minecraft:stone_axe":250,"luminousworld:white_oak_door":2,"minecraft:cobblestone":24,"minecraft:furnace":1,"minecraft:oak_sapling":1,"tombstone:gift":1,"minecraft:oak_boat":2,"minecraft:egg":1},"minecraft:killed_by":{"undead_revamp2:the_moonflower":1,"mutantmonsters:mutant_skeleton":1,"born_in_chaos_v1:corpse_fly":1,"iceandfire:ghost":1},"minecraft:dropped":{"tombstone:grave_key":2},"minecraft:crafted":{"minecraft:oak_slab":6,"minecraft:oak_planks":156,"minecraft:stone_shovel":1,"minecraft:barrel":3,"quark:blossom_planks":8,"minecraft:crafting_table":1,"minecraft:wooden_pickaxe":1,"minecraft:furnace":1,"quark:mossy_cobblestone_bricks":28,"minecraft:stone_axe":4,"minecraft:bread":11,"minecraft:oak_boat":1,"quark:cobblestone_bricks":36,"luminousworld:white_oak_plank":48,"minecraft:stick":12,"luminousworld:white_oak_door":3,"minecraft:stone_pickaxe":1,"minecraft:wooden_axe":1,"minecraft:torch":8,"minecraft:stone_hoe":1},"minecraft:broken":{"minecraft:stone_axe":2,"minecraft:wooden_axe":1,"minecraft:wooden_pickaxe":1,"minecraft:stone_pickaxe":1},"minecraft:killed":{"undead_revamp2:thehunter":1,"undead_revamp2:thesmoker":1,"undead_revamp2:bomber":1,"enemyexpansion:direwolf":1,"born_in_chaos_v1:decrepit_skeleton":1,"enemyexpansion:meature":1,"born_in_chaos_v1:corpse_fly":2,"enemyexpansion:botfly":1,"minecraft:enderman":1},"minecraft:custom":{"minecraft:interact_with_furnace":5,"minecraft:mob_kills":10,"minecraft:interact_with_crafting_table":22,"minecraft:open_barrel":7,"minecraft:leave_game":1,"minecraft:time_since_death":87777,"minecraft:climb_one_cm":817,"minecraft:time_since_rest":87126,"minecraft:sprint_one_cm":118963,"minecraft:walk_one_cm":496822,"minecraft:damage_taken":1970,"minecraft:trigger_trapped_chest":1,"minecraft:drop":2,"minecraft:damage_dealt":2655,"minecraft:swim_one_cm":2296,"minecraft:fly_one_cm":129212,"minecraft:open_chest":2,"minecraft:crouch_one_cm":17719,"minecraft:play_time":118126,"tombstone:undead_killed":5,"minecraft:deaths":6,"minecraft:sneak_time":6005,"minecraft:walk_under_water_one_cm":1190,"minecraft:boat_one_cm":140896,"minecraft:jump":1046,"minecraft:walk_on_water_one_cm":12807,"minecraft:total_world_time":118126,"minecraft:fall_one_cm":13959},"minecraft:picked_up":{"minecraft:birch_log":28,"born_in_chaos_v1:corpse_maggot":1,"luminousworld:groundpebbles_1":2,"minecraft:crafting_table":2,"luminousworld:savannah_ground":25,"minecraft:oak_log":39,"minecraft:dirt":67,"minecraft:lantern":2,"minecraft:bone":3,"luminousworld:white_oak_door":1,"minecraft:apple":1,"minecraft:wheat_seeds":1,"earthmobsmod:duck_egg":4,"minecraft:oak_boat":1,"minecraft:poppy":1,"quark:yellow_blossom_sapling":2,"luminousworld:white_petunias":4,"luminousworld:white_oak_plank":2,"minecraft:birch_sapling":4,"minecraft:oak_planks":16,"quark:mossy_cobblestone_bricks":5,"minecraft:egg":3,"minecraft:stick":9,"luminousworld:auburnlog":21,"luminousworld:savannah_soil":29,"quark:blossom_log":84,"minecraft:grass_block":1,"minecraft:carrot":4,"minecraft:mossy_cobblestone":41,"luminousworld:whiteoaklog":32,"luminousworld:white_oak_sapling":1,"minecraft:arrow":1,"minecraft:rotten_flesh":7,"minecraft:peony":16,"minecraft:bread":1,"luminousworld:auburn_sapling":2,"quark:stripped_blossom_log":11,"minecraft:oak_sapling":3,"minecraft:coal":6,"minecraft:cobblestone":135}},"DataVersion":3465}