{"stats":{"minecraft:mined":{"luminousworld:white_petunias":4,"luminousworld:whiteoaklog":14,"minecraft:birch_log":7,"minecraft:crafting_table":1,"minecraft:oak_log":23,"minecraft:coal_ore":2,"minecraft:vine":1,"minecraft:lantern":2,"luminousworld:auburnlog":7,"luminousworld:whiteoakleaves":3,"minecraft:stone":52,"minecraft:oak_leaves":2},"minecraft:used":{"minecraft:wooden_axe":28,"earthmobsmod:duck_egg":3,"minecraft:apple":1,"luminousworld:whiteoaklog":2,"minecraft:stone_pickaxe":37,"minecraft:oak_planks":12,"minecraft:wooden_pickaxe":19,"minecraft:stone_axe":20,"minecraft:crafting_table":1,"tombstone:gift":1,"minecraft:oak_boat":1,"minecraft:egg":1},"minecraft:killed_by":{"iceandfire:ghost":1,"undead_revamp2:the_moonflower":1,"mutantmonsters:mutant_skeleton":1},"minecraft:dropped":{"tombstone:grave_key":2},"minecraft:crafted":{"minecraft:oak_planks":48,"minecraft:crafting_table":1,"minecraft:stick":8,"minecraft:wooden_pickaxe":1,"minecraft:stone_pickaxe":1,"minecraft:wooden_axe":1,"minecraft:stone_axe":2},"minecraft:custom":{"minecraft:time_since_rest":4296,"minecraft:sprint_one_cm":97002,"minecraft:damage_taken":1350,"minecraft:walk_one_cm":142367,"minecraft:trigger_trapped_chest":1,"minecraft:drop":2,"minecraft:damage_dealt":322,"minecraft:swim_one_cm":2296,"minecraft:interact_with_crafting_table":4,"minecraft:fly_one_cm":106144,"minecraft:crouch_one_cm":1156,"minecraft:play_time":28126,"minecraft:deaths":5,"minecraft:sneak_time":242,"minecraft:walk_under_water_one_cm":913,"minecraft:boat_one_cm":104221,"minecraft:jump":578,"minecraft:leave_game":1,"minecraft:time_since_death":6695,"minecraft:walk_on_water_one_cm":12317,"minecraft:total_world_time":28126,"minecraft:fall_one_cm":9803},"minecraft:picked_up":{"minecraft:birch_log":7,"luminousworld:groundpebbles_1":2,"minecraft:stick":7,"minecraft:crafting_table":1,"luminousworld:auburnlog":7,"minecraft:oak_log":23,"minecraft:lantern":2,"luminousworld:whiteoaklog":14,"luminousworld:white_oak_sapling":1,"minecraft:bone":1,"minecraft:arrow":1,"minecraft:apple":1,"earthmobsmod:duck_egg":3,"minecraft:oak_boat":1,"luminousworld:auburn_sapling":1,"minecraft:poppy":1,"minecraft:oak_sapling":1,"luminousworld:white_petunias":4,"minecraft:birch_sapling":3,"minecraft:coal":2,"minecraft:cobblestone":51,"minecraft:egg":3}},"DataVersion":3465}