{"stats":{"minecraft:mined":{"luminousworld:white_petunias":4,"quark:yellow_blossom_leaves":10,"minecraft:crafting_table":2,"minecraft:grass_block":1,"quark:blossom_log":47,"luminousworld:auburnlog":7,"luminousworld:whiteoakleaves":3,"minecraft:tall_grass":1,"minecraft:oak_planks":8,"luminousworld:whiteoaklog":14,"minecraft:birch_log":7,"minecraft:peony":16,"minecraft:grass":2,"minecraft:coal_ore":2,"minecraft:oak_log":23,"minecraft:vine":1,"minecraft:lantern":2,"luminousworld:grassvariant_3":1,"minecraft:stone":52,"minecraft:oak_leaves":2},"minecraft:used":{"luminousworld:whiteoaklog":2,"minecraft:stone_pickaxe":37,"minecraft:oak_planks":20,"minecraft:wooden_pickaxe":19,"minecraft:rotten_flesh":2,"minecraft:crafting_table":2,"minecraft:carrot":2,"minecraft:wooden_axe":28,"earthmobsmod:duck_egg":3,"minecraft:apple":1,"minecraft:birch_sapling":1,"minecraft:stone_axe":100,"tombstone:gift":1,"minecraft:oak_boat":2,"minecraft:egg":1},"minecraft:killed_by":{"undead_revamp2:the_moonflower":1,"mutantmonsters:mutant_skeleton":1,"born_in_chaos_v1:corpse_fly":1,"iceandfire:ghost":1},"minecraft:dropped":{"tombstone:grave_key":2},"minecraft:crafted":{"minecraft:oak_planks":48,"minecraft:crafting_table":1,"minecraft:wooden_pickaxe":1,"minecraft:stone_axe":2,"minecraft:oak_boat":1,"minecraft:stick":8,"minecraft:stone_pickaxe":1,"minecraft:wooden_axe":1},"minecraft:killed":{"undead_revamp2:bomber":1,"enemyexpansion:direwolf":1,"born_in_chaos_v1:decrepit_skeleton":1,"enemyexpansion:meature":1,"born_in_chaos_v1:corpse_fly":2,"enemyexpansion:botfly":1},"minecraft:custom":{"minecraft:interact_with_furnace":1,"minecraft:mob_kills":7,"minecraft:interact_with_crafting_table":5,"minecraft:leave_game":1,"minecraft:time_since_death":9777,"minecraft:climb_one_cm":817,"minecraft:time_since_rest":9126,"minecraft:sprint_one_cm":108532,"minecraft:walk_one_cm":228014,"minecraft:damage_taken":1765,"minecraft:trigger_trapped_chest":1,"minecraft:drop":2,"minecraft:damage_dealt":1575,"minecraft:swim_one_cm":2296,"minecraft:fly_one_cm":127076,"minecraft:open_chest":2,"minecraft:crouch_one_cm":1357,"minecraft:play_time":40126,"tombstone:undead_killed":3,"minecraft:deaths":6,"minecraft:sneak_time":355,"minecraft:walk_under_water_one_cm":1190,"minecraft:boat_one_cm":140896,"minecraft:jump":721,"minecraft:walk_on_water_one_cm":12807,"minecraft:total_world_time":40126,"minecraft:fall_one_cm":12173},"minecraft:picked_up":{"minecraft:birch_log":7,"born_in_chaos_v1:corpse_maggot":1,"luminousworld:groundpebbles_1":2,"minecraft:crafting_table":2,"luminousworld:savannah_ground":25,"minecraft:oak_log":23,"minecraft:dirt":1,"minecraft:lantern":2,"minecraft:bone":3,"minecraft:apple":1,"minecraft:wheat_seeds":1,"earthmobsmod:duck_egg":4,"minecraft:oak_boat":1,"minecraft:poppy":1,"quark:yellow_blossom_sapling":2,"luminousworld:white_petunias":4,"minecraft:birch_sapling":3,"minecraft:oak_planks":8,"minecraft:egg":3,"minecraft:stick":7,"luminousworld:auburnlog":7,"luminousworld:savannah_soil":29,"quark:blossom_log":38,"minecraft:carrot":4,"luminousworld:whiteoaklog":14,"luminousworld:white_oak_sapling":1,"minecraft:arrow":1,"minecraft:rotten_flesh":4,"minecraft:peony":16,"luminousworld:auburn_sapling":1,"minecraft:oak_sapling":1,"minecraft:coal":2,"minecraft:cobblestone":51}},"DataVersion":3465}