{"stats":{"minecraft:mined":{"luminousworld:white_petunias":4,"minecraft:white_bed":2,"quark:yellow_blossom_leaves":153,"minecraft:mossy_cobblestone":41,"luminousworld:grassvariant_4":3,"luminousworld:autumnleaves":2,"minecraft:grass_block":29,"quark:stripped_blossom_log":11,"luminousworld:grassvariant_2":1,"luminousworld:whiteoakleaves":6,"luminousworld:white_oak_plank":4,"minecraft:carrots":2,"luminousworld:white_oak_door":1,"minecraft:peony":29,"minecraft:vine":1,"minecraft:lantern":3,"quark:mossy_cobblestone_bricks":5,"minecraft:stone":147,"supplementaries:book_pile":2,"minecraft:crafting_table":2,"quark:blossom_log":106,"luminousworld:auburnlog":21,"minecraft:tall_grass":4,"minecraft:cobblestone":24,"minecraft:oak_planks":22,"luminousworld:whiteoaklog":38,"minecraft:birch_log":28,"minecraft:beehive":1,"minecraft:wheat":23,"minecraft:lilac":9,"minecraft:birch_leaves":15,"minecraft:grass":3,"minecraft:oak_log":44,"minecraft:coal_ore":6,"minecraft:dirt":47,"luminousworld:grassvariant_3":2,"minecraft:oak_leaves":8},"minecraft:used":{"luminousworld:whiteoaklog":3,"minecraft:stone_shovel":41,"minecraft:stone_hoe":42,"minecraft:rotten_flesh":4,"quark:mossy_cobblestone_bricks":6,"minecraft:torch":2,"minecraft:dirt":70,"quark:yellow_blossom_sapling":2,"minecraft:carrot":9,"minecraft:wooden_axe":55,"minecraft:lantern":3,"luminousworld:white_oak_sapling":1,"minecraft:birch_sapling":7,"minecraft:barrel":3,"minecraft:oak_sapling":3,"minecraft:furnace":1,"tombstone:gift":3,"minecraft:egg":2,"quark:blossom_log":5,"minecraft:wheat_seeds":61,"quark:cobblestone_bricks":36,"minecraft:stone_pickaxe":169,"quark:stripped_blossom_log":5,"minecraft:oak_planks":72,"minecraft:wooden_pickaxe":59,"luminousworld:white_oak_plank":30,"luminousworld:groundpebbles_1":2,"minecraft:mossy_cobblestone":10,"minecraft:crafting_table":3,"minecraft:white_bed":2,"earthmobsmod:duck_egg":3,"minecraft:apple":1,"minecraft:bread":8,"minecraft:stone_axe":290,"luminousworld:white_oak_door":2,"luminousworld:auburn_sapling":3,"minecraft:enchanted_book":3,"minecraft:cobblestone":24,"minecraft:oak_boat":2,"minecraft:experience_bottle":1},"minecraft:killed_by":{"undead_revamp2:the_moonflower":1,"born_in_chaos_v1:corpse_fly":2,"mutantmonsters:mutant_skeleton":1,"minecraft:skeleton":1,"iceandfire:ghost":1,"born_in_chaos_v1:maggot":1},"minecraft:dropped":{"minecraft:dirt":5,"tombstone:grave_key":2,"minecraft:rotten_flesh":4,"minecraft:oak_sign":1,"born_in_chaos_v1:corpse_maggot":5},"minecraft:crafted":{"minecraft:oak_planks":156,"minecraft:stone_shovel":1,"minecraft:barrel":3,"minecraft:furnace":1,"quark:mossy_cobblestone_bricks":28,"luminousworld:white_oak_plank":80,"quark:cobblestone_bricks":36,"minecraft:stone_pickaxe":2,"luminousworld:white_oak_door":3,"minecraft:stone_hoe":1,"minecraft:oak_slab":6,"quark:blossom_planks":8,"minecraft:crafting_table":1,"minecraft:wooden_pickaxe":1,"minecraft:stone_axe":4,"minecraft:bread":19,"minecraft:oak_boat":1,"minecraft:charcoal":3,"minecraft:stick":16,"minecraft:wooden_axe":1,"minecraft:torch":8},"minecraft:broken":{"minecraft:wooden_pickaxe":1,"minecraft:stone_pickaxe":1,"minecraft:stone_axe":2,"minecraft:wooden_axe":1},"minecraft:killed":{"undead_revamp2:thehunter":1,"undead_revamp2:thesmoker":1,"undead_revamp2:bomber":1,"enemyexpansion:direwolf":1,"born_in_chaos_v1:maggot":3,"minecraft:skeleton":1,"enemyexpansion:goblin":2,"born_in_chaos_v1:decrepit_skeleton":1,"enemyexpansion:meature":1,"born_in_chaos_v1:corpse_fly":2,"enemyexpansion:botfly":1,"minecraft:enderman":1},"minecraft:custom":{"minecraft:mob_kills":16,"minecraft:interact_with_crafting_table":28,"minecraft:open_barrel":12,"minecraft:time_since_death":5296,"minecraft:leave_game":1,"minecraft:climb_one_cm":841,"minecraft:sprint_one_cm":145741,"minecraft:walk_one_cm":699161,"minecraft:drop":13,"minecraft:damage_dealt_absorbed":120,"minecraft:play_time":154126,"minecraft:deaths":9,"minecraft:sneak_time":8586,"minecraft:walk_under_water_one_cm":3023,"minecraft:boat_one_cm":140896,"minecraft:jump":1419,"minecraft:walk_on_water_one_cm":14821,"minecraft:total_world_time":154126,"minecraft:interact_with_furnace":6,"minecraft:sleep_in_bed":1,"minecraft:time_since_rest":5255,"minecraft:damage_taken":3010,"minecraft:trigger_trapped_chest":1,"minecraft:damage_dealt":3632,"minecraft:swim_one_cm":8831,"minecraft:fly_one_cm":158978,"minecraft:open_chest":2,"minecraft:crouch_one_cm":26307,"tombstone:undead_killed":6,"minecraft:fall_one_cm":17746},"minecraft:picked_up":{"luminousworld:groundpebbles_1":2,"minecraft:crafting_table":2,"minecraft:wheat":22,"minecraft:enchanted_book":2,"minecraft:experience_bottle":1,"luminousworld:white_oak_door":1,"minecraft:oak_sign":2,"earthmobsmod:duck_egg":4,"minecraft:oak_boat":1,"minecraft:poppy":1,"quark:yellow_blossom_sapling":2,"minecraft:birch_sapling":7,"luminousworld:white_oak_plank":3,"quark:mossy_cobblestone_bricks":5,"minecraft:egg":3,"minecraft:stick":11,"luminousworld:auburnlog":21,"luminousworld:savannah_soil":29,"quark:blossom_log":95,"minecraft:carrot":8,"luminousworld:white_oak_sapling":1,"minecraft:arrow":3,"minecraft:rotten_flesh":11,"minecraft:peony":27,"quark:stripped_blossom_log":17,"minecraft:cobblestone":190,"minecraft:birch_log":28,"born_in_chaos_v1:corpse_maggot":5,"luminousworld:savannah_ground":25,"minecraft:lilac":9,"minecraft:oak_log":39,"minecraft:dirt":75,"minecraft:lantern":3,"minecraft:bone":8,"minecraft:apple":1,"minecraft:wheat_seeds":57,"luminousworld:white_petunias":4,"minecraft:oak_planks":22,"minecraft:white_bed":2,"minecraft:grass_block":1,"minecraft:mossy_cobblestone":41,"luminousworld:whiteoaklog":32,"quark:cobblestone_bricks":11,"luminousworld:auburn_sapling":3,"minecraft:bread":1,"minecraft:oak_sapling":3,"minecraft:coal":6}},"DataVersion":3465}