{"stats":{"minecraft:used":{"tombstone:gift":1},"minecraft:killed_by":{"mutantmonsters:mutant_skeleton":1,"undead_revamp2:the_moonflower":1},"minecraft:dropped":{"tombstone:grave_key":1},"minecraft:custom":{"minecraft:jump":148,"minecraft:time_since_rest":1,"minecraft:walk_on_water_one_cm":1471,"minecraft:damage_dealt":10,"minecraft:deaths":3,"minecraft:sprint_one_cm":25365,"minecraft:play_time":4168,"minecraft:damage_taken":735,"minecraft:time_since_death":1160,"minecraft:walk_one_cm":20062,"minecraft:total_world_time":4168,"minecraft:drop":1,"minecraft:fall_one_cm":2299,"minecraft:fly_one_cm":40950},"minecraft:picked_up":{"minecraft:egg":1}},"DataVersion":3465}